id,input,output
bq9WYgxCi_ATitsSgtUQUUqZSE2kbkAz-turn27,patterns among arcs,"{""da"": ""OCM:selfCorrection"", ""et"": ""fsa-practical"", ""ar"": ""Pattern"", ""sn"": ""['patternType']"", ""sv"": ""['?']""}"
P-_bE79Vy1PQJqftQhKxblP_VtV-DNEF-turn31,Is there a pattern among the arcs ,"{""da"": ""Ta:propositionalQuestion"", ""et"": ""fsa-practical"", ""ar"": ""Pattern"", ""sn"": ""['patternType']"", ""sv"": ""['?']""}"
ShIe4j-y-ekoRj_Xvt7r2MkyrvfyFPK6-turn9,states and transitions,"{""da"": ""Ta:request"", ""et"": ""fsa-practical"", ""ar"": ""Transition"", ""sn"": ""['transitions','states']"", ""sv"": ""['?','?']""}"
66fefb9f9021ec0b460c69b0-turn1,How many states are there,"{""da"": ""Ta:setQuestion"", ""et"": ""fsa-practical"", ""ar"": ""State"", ""sn"": ""['numberOfStates']"", ""sv"": ""['?']""}"
71DvREY3rPDW1C0uzelsV6yXdSNexElS-turn11,Briefly describe the automaton 2 How many states are there ,"{""da"": ""Ta:request; Ta:setQuestion"", ""et"": ""fsa-practical"", ""ar"": ""Automata"", ""sn"": ""['numberOfStates']"", ""sv"": ""['?']""}"
ShIe4j-y-ekoRj_Xvt7r2MkyrvfyFPK6-turn3,what are the states and the transitions ,"{""da"": ""Ta:setQuestion"", ""et"": ""fsa-practical"", ""ar"": ""Transition;State"", ""sn"": ""['transitions','states']"", ""sv"": ""['?','?']""}"
CW4txSkffsEwrT2wLOzWbeScRrQESVBu-turn31,q0,"{""da"": ""Ta:request"", ""et"": ""fsa-practical"", ""ar"": ""State"", ""sn"": ""['transitions']"", ""sv"": ""[[('q0','?','?')]]""}"
k1xVMO4RTaL82fwPSwYj5iaHpyEYTMcz-turn15,can you deescribe the transitions ,"{""da"": ""Ta:request"", ""et"": ""fsa-practical"", ""ar"": ""Transition"", ""sn"": ""['transitions']"", ""sv"": ""['?']""}"
66c998f3d9a23f4774b60867-turn1,which is the final state,"{""da"": ""Ta:setQuestion"", ""et"": ""fsa-practical"", ""ar"": ""State"", ""sn"": ""['finalStates']"", ""sv"": ""['?']""}"
CW4txSkffsEwrT2wLOzWbeScRrQESVBu-turn2,"A finite-state automaton is a dynamic, discrete, invariant system     in which the sets of input, output and state are finite.     The system can be in any of a finite number of internal states that define the automaton.     A particularly important class of automata is that of automata capable of recognizing     whether or not a string is part of a given language or not: recognizer automata.     Such a finite-state automaton consists of a finite set of states and a finite set of     transitions from one state to another. For each distinct pair formed by a state of the     automaton (the departure state) and an alphabet symbol, there is a transition to an     arrival state. The symbol of the pair is said to be associated with the transition, or     even that the transition ""accepts the symbol."" The state of arrival state can also     coincide with the start state. Each finite-state automaton is uniquely associated with an     oriented graph called a transition diagram. The nodes of the graph coincide with the     states of the automaton. If there is a transition from state q to state p with a as the     associated symbol, then there is an arc oriented from node q to node p and labeled with     the symbol a. See the Homepage for more.","{""da"": ""Ta:answer"", ""et"": ""fsa-practical"", ""ar"": ""Automata"", ""sn"": ""[]"", ""sv"": ""[]""}"
66dde41fa69c9e02a05c3da1-turn1,Can the automaton accept an empty string,"{""da"": ""Ta:propositionalQuestion"", ""et"": ""fsa-practical"", ""ar"": ""Automata"", ""sn"": ""['input']"", ""sv"": ""['']""}"
66feeda10281fd1ff4448b14-turn1,is there an alphabet,"{""da"": ""Ta:propositionalQuestion"", ""et"": ""fsa-practical"", ""ar"": ""Alphabet"", ""sn"": ""['alphabet']"", ""sv"": ""['?']""}"
CW4txSkffsEwrT2wLOzWbeScRrQESVBu-turn37,q3 to q2,"{""da"": ""Ta:request"", ""et"": ""fsa-practical"", ""ar"": ""Transition"", ""sn"": ""['transitions']"", ""sv"": ""[[('q3','q2','?')]]""}"
V3HOB-turn1,How many states does the automaton have ,"{""da"": ""Ta:setQuestion"", ""et"": ""fsa-practical"", ""ar"": ""State"", ""sn"": ""['numberOfStates']"", ""sv"": ""['?']""}"
66dc15aa9ddcb359f401a612-turn1,What does each state do in automaton,"{""da"": ""Ta:setQuestion"", ""et"": ""fsa-practical"", ""ar"": ""State"", ""sn"": ""[]"", ""sv"": ""[]""}"
gQZalALP9AxsFfEPC9Lm_JhIimMxTW_j-turn9,What are the states connected to q0 ,"{""da"": ""Ta:setQuestion"", ""et"": ""fsa-practical"", ""ar"": ""Transition"", ""sn"": ""['transitions']"", ""sv"": ""[[('q0','?','?'),('?','q0','?')]]""}"
66dde2a9a69c9e02a05c3d79-turn1,What input causes the automaton to move from q3 to q4,"{""da"": ""Ta:setQuestion"", ""et"": ""fsa-practical"", ""ar"": ""Transition"", ""sn"": ""['transitions']"", ""sv"": ""[[('q3','q4','?')]]""}"
ctyHWUgv9B_kHA6DNcrgMxadmJZJ1sHa-turn17,What are the transitions ,"{""da"": ""Ta:setQuestion"", ""et"": ""fsa-practical"", ""ar"": ""Transition"", ""sn"": ""['transitions']"", ""sv"": ""['?']""}"
0SyWdd-YbWP90wUhHSiSYaBDArgtJvUi-turn27,what is the alphabet ,"{""da"": ""Ta:setQuestion"", ""et"": ""fsa-practical"", ""ar"": ""Alphabet"", ""sn"": ""['alphabet']"", ""sv"": ""['?']""}"
71DvREY3rPDW1C0uzelsV6yXdSNexElS-turn7,How many states does a pentagon shaped automaton have ,"{""da"": ""Ta:setQuestion"", ""et"": ""fsa-practical"", ""ar"": ""State"", ""sn"": ""['numberOfStates']"", ""sv"": ""['?']""}"
66c99adad9a23f4774b6087f-turn1,tell me something about the states ,"{""da"": ""Ta:request"", ""et"": ""fsa-practical"", ""ar"": ""State"", ""sn"": ""[]"", ""sv"": ""[]""}"
ctyHWUgv9B_kHA6DNcrgMxadmJZJ1sHa-turn22,"I don't know, try asking something like, ""What is the accepted language?"" ","{""da"": ""AutoF:autoNegative; DS:suggest"", ""et"": ""Nan"", ""ar"": ""Nan"", ""sn"": ""[]"", ""sv"": ""[]""}"
66fefefd9021ec0b460c6a12-turn1,what is the transition function,"{""da"": ""Ta:setQuestion"", ""et"": ""fsa-practical"", ""ar"": ""Transition"", ""sn"": ""['transitions']"", ""sv"": ""['?']""}"
CW4txSkffsEwrT2wLOzWbeScRrQESVBu-turn11,what is a particular pattern among arcs,"{""da"": ""Ta:setQuestion"", ""et"": ""fsa-practical"", ""ar"": ""Pattern"", ""sn"": ""['patternType']"", ""sv"": ""['?']""}"
"""meno""pu7A-turn26",From q2 there is only one transition to q3 marked with 1. ,"{""da"": ""Ta:answer"", ""et"": ""fsa-practical"", ""ar"": ""Transition"", ""sn"": ""['transitions']"", ""sv"": ""[[('q2','q3','1')]]""}"
ShIe4j-y-ekoRj_Xvt7r2MkyrvfyFPK6-turn20,"This automaton has three transitions. The first one starts at q0, being it the initial and final state. From q0 and q2 there is a transition marked as 1. From q2 to q1 there is another transition marked as 1. Finally from q1 to q0 there is a transition marked as 0.","{""da"": ""Ta:answer"", ""et"": ""fsa-practical"", ""ar"": ""Transition"", ""sn"": ""['numberOfTransitions','initialState','finalStates','transitions']"", ""sv"": ""['3','q0',['q0'],[('q0','q2','1'),('q2','q1','1'),('q1','q0','0')]]""}"
66dc1c739ddcb359f401a63c-turn2,"I dont' know. Just try asking something like, ""How is the automaton represented?","{""da"": ""AutoF:autoNegative; DS:suggest"", ""et"": ""Nan"", ""ar"": ""Nan"", ""sn"": ""[]"", ""sv"": ""[]""}"
66ff02cc9021ec0b460c6a76-turn1,what are the paths between nodes,"{""da"": ""Ta:setQuestion"", ""et"": ""fsa-practical"", ""ar"": ""Transition"", ""sn"": ""['transitions']"", ""sv"": ""['?']""}"
K2TB8bOVY1WHuazVxCQEhM789Y6lGaHw-turn14,The language accepted by this automaton is made of zero or more words formed by asequence ofa pair of 1s followed by a 0. ,"{""da"": ""Ta:answer"", ""et"": ""fsa-practical"", ""ar"": ""Language"", ""sn"": ""['alphabet','input']"", ""sv"": ""[['0','1'],'110']""}"
rHgyaZS8T8cuQ0u39AHqQBs_vaj5ePIu-turn6,This automaton can be represented as a pentagon with its states arranged as vertices. ,"{""da"": ""Ta:answer"", ""et"": ""fsa-practical"", ""ar"": ""Automata"", ""sn"": ""['graphicRepresentation']"", ""sv"": ""['pentagon']""}"
0MgCjt8WVTxN4Thm2f0TbS_vigxpGyhI-turn22,"There are a total of 3 states. q0, q1, and q2. q0 is both initial and final state.","{""da"": ""Ta:answer"", ""et"": ""fsa-practical"", ""ar"": ""State"", ""sn"": ""['numberOfStates','states','initialState','finalStates']"", ""sv"": ""['3',['q0','q1','q2'],'q0',['q0']]""}"
"""meno""pu7A-turn11",Does it have 5 states then ,"{""da"": ""Ta:checkQuestion"", ""et"": ""fsa-practical"", ""ar"": ""State"", ""sn"": ""['numberOfStates']"", ""sv"": ""['5']""}"
Em5Mj8ykVSTl8U4QKIZ_n7L1bF8H1kL1-turn25,pattern among arcs,"{""da"": ""Ta:request"", ""et"": ""fsa-practical"", ""ar"": ""Pattern"", ""sn"": ""['patternType']"", ""sv"": ""['?']""}"
66d8a07a9880ff2cbea5b44c-turn1,how many states are in the automation,"{""da"": ""Ta:setQuestion"", ""et"": ""fsa-practical"", ""ar"": ""State"", ""sn"": ""['numberOfStates']"", ""sv"": ""['?']""}"
66dde499a69c9e02a05c3dab-turn1,Does the automaton accept sequences longer than three 1s followed by two 0s,"{""da"": ""Ta:propositionalQuestion"", ""et"": ""fsa-practical"", ""ar"": ""Language"", ""sn"": ""['input']"", ""sv"": ""['not 11100']""}"
ShIe4j-y-ekoRj_Xvt7r2MkyrvfyFPK6-turn27,what are the final states,"{""da"": ""Ta:setQuestion"", ""et"": ""fsa-practical"", ""ar"": ""State"", ""sn"": ""['finalStates']"", ""sv"": ""['?']""}"
uW3QEQnfk56NRlWclbyBzNkqsp20ChY1-turn11,Is there a transition from q0 to q5 ,"{""da"": ""Ta:propositionalQuestion"", ""et"": ""fsa-practical"", ""ar"": ""Transition"", ""sn"": ""['transitions']"", ""sv"": ""[[('q0','q5','?')]]""}"
CW4txSkffsEwrT2wLOzWbeScRrQESVBu-turn5,describe the transition diagram,"{""da"": ""Ta:request"", ""et"": ""fsa-practical"", ""ar"": ""Transition"", ""sn"": ""['transitions']"", ""sv"": ""['?']""}"
rHgyaZS8T8cuQ0u39AHqQBs_vaj5ePIu-turn12,The language accepted by this automaton is made of zero or more words formed by a sequence of a triple of 1s followed by a pair of 0s. ,"{""da"": ""Ta:answer"", ""et"": ""fsa-practical"", ""ar"": ""Language"", ""sn"": ""['alphabet','input']"", ""sv"": ""[['0','1'],'11100']""}"
k1xVMO4RTaL82fwPSwYj5iaHpyEYTMcz-turn5,how many states ,"{""da"": ""Ta:setQuestion"", ""et"": ""fsa-practical"", ""ar"": ""State"", ""sn"": ""['numberOfStates']"", ""sv"": ""['?']""}"
0MgCjt8WVTxN4Thm2f0TbS_vigxpGyhI-turn11,transitions,"{""da"": ""Ta:request"", ""et"": ""fsa-practical"", ""ar"": ""Transition"", ""sn"": ""['transitions']"", ""sv"": ""['?']""}"
FaSMl3Iu-Kr6owi4byJ2me2wFzk-c7oM-turn23,If q0 were the final state the language accepted by the automaton is the same ,"{""da"": ""Ta:propositionalQuestion"", ""et"": ""fsa-practical"", ""ar"": ""State"", ""sn"": ""['finalStates']"", ""sv"": ""[['q0']]""}"
66d8a3e010bc5a542518737a-turn1,can you describe to me how works a transition function,"{""da"": ""Ta:request"", ""et"": ""fsa-theoretical"", ""ar"": ""Transition"", ""sn"": ""[]"", ""sv"": ""[]""}"
"""meno""pu7A-turn27",Which are the transitions from q3 ,"{""da"": ""Ta:setQuestion"", ""et"": ""fsa-practical"", ""ar"": ""Transition"", ""sn"": ""['transitions']"", ""sv"": ""[[('q3','?','?')]]""}"
66c99a62d9a23f4774b60879-turn1,suggest me some questions,"{""da"": ""Ta:request"", ""et"": ""Nan"", ""ar"": ""Nan"", ""sn"": ""[]"", ""sv"": ""[]""}"
rHgyaZS8T8cuQ0u39AHqQBs_vaj5ePIu-turn5,How is the automaton represented ,"{""da"": ""Ta:setQuestion"", ""et"": ""fsa-practical"", ""ar"": ""Automata"", ""sn"": ""['graphicRepresentation']"", ""sv"": ""['?']""}"
ctyHWUgv9B_kHA6DNcrgMxadmJZJ1sHa-turn20,"No, there is not a state called like this. ","{""da"": ""Ta:answer"", ""et"": ""fsa-practical"", ""ar"": ""State"", ""sn"": ""['states']"", ""sv"": ""[[]]""}"
VMkBtJ-FIizHxrkxPyS3DniIMKBgDUwJ-turn7,What is the best way to represent this automa ,"{""da"": ""Ta:setQuestion"", ""et"": ""fsa-practical"", ""ar"": ""Automata"", ""sn"": ""['graphicRepresentation']"", ""sv"": ""['?']""}"
sveUGr-bCBUSZI2QFJORfflTpgefFbKW-turn5,is q0 linked to q0 ,"{""da"": ""Ta:propositionalQuestion"", ""et"": ""fsa-practical"", ""ar"": ""Transition"", ""sn"": ""['transitions']"", ""sv"": ""[[('q0','q0','?')]]""}"
ShIe4j-y-ekoRj_Xvt7r2MkyrvfyFPK6-turn31,start states,"{""da"": ""Ta:request"", ""et"": ""fsa-practical"", ""ar"": ""State"", ""sn"": ""['initialState']"", ""sv"": ""['?']""}"
66d8a7c710bc5a542518739e-turn1,are there some pattern,"{""da"": ""Ta:setQuestion"", ""et"": ""fsa-practical"", ""ar"": ""Pattern"", ""sn"": ""['patternType']"", ""sv"": ""['?']""}"
V3HOB-turn17,What is the accepted language ,"{""da"": ""Ta:setQuestion"", ""et"": ""fsa-practical"", ""ar"": ""Language"", ""sn"": ""[]"", ""sv"": ""[]""}"
Em5Mj8ykVSTl8U4QKIZ_n7L1bF8H1kL1-turn23,how many arcs,"{""da"": ""Ta:setQuestion"", ""et"": ""fsa-practical"", ""ar"": ""Transition"", ""sn"": ""['numberOfTransitions']"", ""sv"": ""['?']""}"
uX-G8wJ5wSxmtNvsKkQg61kTOFczKm8b-turn7,which arc from q1,"{""da"": ""Ta:setQuestion"", ""et"": ""fsa-practical"", ""ar"": ""Transition"", ""sn"": ""['transitions']"", ""sv"": ""[[('q1','?','?')]]""}"
rHgyaZS8T8cuQ0u39AHqQBs_vaj5ePIu-turn4,"I dont' know. Just try asking something like, ""How is the automaton represented?"" ","{""da"": ""AutoF:autoNegative; DS:suggest"", ""et"": ""Nan"", ""ar"": ""Nan"", ""sn"": ""[]"", ""sv"": ""[]""}"
ShIe4j-y-ekoRj_Xvt7r2MkyrvfyFPK6-turn8,The automaton can be represented with the states arranged as vertices of a triangle.,"{""da"": ""Ta:answer"", ""et"": ""fsa-practical"", ""ar"": ""Automata"", ""sn"": ""['graphicRepresentation']"", ""sv"": ""['triangle']""}"
Em5Mj8ykVSTl8U4QKIZ_n7L1bF8H1kL1-turn2,"It is an automaton which accepts zero or more words in a binary alphabet formed by a sequence of a triple of 1s followed by a pair of 0s. There are a total of 5 states: q0, q1, q2, q3, and q4. q0 is both initial and end state. From each state 1 arc starts: from q0 the arc points to q1 and is marked with 1. From q1 it points to q2 and is marked with 1. From q2 it points to q3 and is marked with 1. From q3 points to q4 and is marked with 0. Finally, from q4 points to q0 and is marked again with 0.","{""da"": ""Ta:answer"", ""et"": ""fsa-practical"", ""ar"": ""Automata"", ""sn"": ""['alphabet','numberOfStates','states','initialState','finalStates','transitions']"", ""sv"": ""[['0','1'],'5',['q0','q1','q2','q3','q4'],'q0',['q0'],[('q0','q1','1'),('q1','q2','1'),('q2','q3','1'),('q3','q4','0'),('q4','q0','0')]]""}"
66c9935bd9a23f4774b60819-turn1,describe me the automaton,"{""da"": ""Ta:request"", ""et"": ""fsa-practical"", ""ar"": ""Automata"", ""sn"": ""[]"", ""sv"": ""[]""}"
ctyHWUgv9B_kHA6DNcrgMxadmJZJ1sHa-turn6,"No, there is no such transition. From q2 there is only one transition to q1 marked with 1. ","{""da"": ""Ta:answer"", ""et"": ""fsa-practical"", ""ar"": ""Transition"", ""sn"": ""['transitions']"", ""sv"": ""[[('q2','q1','1')]]""}"
k1xVMO4RTaL82fwPSwYj5iaHpyEYTMcz-turn13,How are transitions defined ,"{""da"": ""Ta:setQuestion"", ""et"": ""fsa-practical"", ""ar"": ""Transition"", ""sn"": ""['transitions']"", ""sv"": ""['?']""}"
"""meno""pu7A-turn14","There are a total of 5 states. q0, q1, q2, q3, and q4. q0 is both initial and final state. ","{""da"": ""Ta:answer"", ""et"": ""fsa-practical"", ""ar"": ""State"", ""sn"": ""['numberOfStates','states','initialState','finalStates']"", ""sv"": ""['5',['q0','q1','q2','q3','q4'],'q0',['q0']]""}"
CWD3TAUfqC2fw24zkli39Cl4vktFJSb3-turn7,Is there an arc between q0 and q1 ,"{""da"": ""Ta:propositionalQuestion"", ""et"": ""fsa-practical"", ""ar"": ""Transition"", ""sn"": ""['transitions']"", ""sv"": ""[[('q0','q1','?')]]""}"
ctyHWUgv9B_kHA6DNcrgMxadmJZJ1sHa-turn19,What are the states ,"{""da"": ""Ta:setQuestion"", ""et"": ""fsa-practical"", ""ar"": ""State"", ""sn"": ""['states']"", ""sv"": ""['?']""}"
66fef2d080136d0844fa0e17-turn1,is there a transitions from q0 to q4,"{""da"": ""Ta:propositionalQuestion"", ""et"": ""fsa-practical"", ""ar"": ""Transition"", ""sn"": ""['transitions']"", ""sv"": ""[[('q0','q4','?')]]""}"
uX-G8wJ5wSxmtNvsKkQg61kTOFczKm8b-turn5,can you describe the automaton,"{""da"": ""Ta:request"", ""et"": ""fsa-practical"", ""ar"": ""Automata"", ""sn"": ""[]"", ""sv"": ""[]""}"
ctyHWUgv9B_kHA6DNcrgMxadmJZJ1sHa-turn4,"It is an automaton which accepts zero or more words in a binary alphabet formed by a sequence of a couple of 1s followed by a 0. There are a total of 3 states: q0, q1, and q2. q0 is both initial and end state. From each state one arc starts: from q0 the arc points to q2 and is marked by 1. From q2 it points to q1 and is marked by 1. Finally, from q1 it points to q0 and is marked by 0. ","{""da"": ""Ta:answer"", ""et"": ""fsa-practical"", ""ar"": ""Automata"", ""sn"": ""['alphabet','numberOfStates','states','initialState','finalStates','transitions']"", ""sv"": ""[['0','1'],'3',['q0','q1','q2'],'q0',['q0'],[('q0','q2','1'),('q2','q1','1'),('q1','q0','0')]]""}"
g4GdzpVwjD3_X-gmkM5UQstbFQKJqh4d-turn7,where is automaton 2 ,"{""da"": ""Ta:setQuestion"", ""et"": ""fsa-practical"", ""ar"": ""Automata"", ""sn"": ""[]"", ""sv"": ""[]""}"
66c996a3d9a23f4774b60843-turn1,describe me the transitions,"{""da"": ""Ta:request"", ""et"": ""fsa-practical"", ""ar"": ""Transition"", ""sn"": ""['transitions']"", ""sv"": ""['?']""}"
"""meno""pu7A-turn30",From q4 there is only one transition to q0 marked with 0. ,"{""da"": ""Ta:answer"", ""et"": ""fsa-practical"", ""ar"": ""Transition"", ""sn"": ""['transitions']"", ""sv"": ""[[('q4','q0','0')]]""}"
q9Tw8Mb_nRwbwBOy-cnCELz2dVncJh-T-turn31,Output ,"{""da"": ""OCM:selfCorrection"", ""et"": ""fsa-theoretical"", ""ar"": ""Language"", ""sn"": ""['output']"", ""sv"": ""['?']""}"
66d89f719880ff2cbea5b43a-turn1,"given the deterministc nature of the automation, why there is no a transition when I am in q1 and the automation read 0","{""da"": ""Ta:setQuestion"", ""et"": ""fsa-practical"", ""ar"": ""Transition"", ""sn"": ""['transitions']"", ""sv"": ""[[('q1','?','0')]]""}"
66d8a6b410bc5a5425187392-turn1,how can i reach the state q4 from the state q2,"{""da"": ""Ta:setQuestion"", ""et"": ""fsa-practical"", ""ar"": ""Transition"", ""sn"": ""['stateFrom','stateTo']"", ""sv"": ""['q2','q4']""}"
rHgyaZS8T8cuQ0u39AHqQBs_vaj5ePIu-turn10,"It is an automaton which accepts zero or more words in a binary alphabet formed by a sequence of a triple of 1s followed by a pair of 0s. There are a total of 5 states: q0, q1, q2, q3, and q4. q0 is both initial and end state. From each state 1 arc starts: from q0 the arc points to q1 and is marked with 1. From q1 it points to q2 and is marked with 1. From q2 it points to q3 and is marked with 1. From q3 points to q4 and is marked with 0. Finally, from q4 points to q0 and is marked again with 0. ","{""da"": ""Ta:answer"", ""et"": ""fsa-practical"", ""ar"": ""Automata"", ""sn"": ""['alphabet','numberOfStates','states','initialState','finalStates','transitions']"", ""sv"": ""[['0','1'],'5',['q0','q1','q2','q3','q4'],'q0',['q0'],[('q0','q1','1'),('q1','q2','1'),('q2','q3','1'),('q3','q4','0'),('q4','q0','0')]]""}"
ShIe4j-y-ekoRj_Xvt7r2MkyrvfyFPK6-turn14,"I dont' know. Try asking something like, ""Which is the initial state?""","{""da"": ""AutoF:autoNegative; DS:suggest"", ""et"": ""Nan"", ""ar"": ""Nan"", ""sn"": ""[]"", ""sv"": ""[]""}"
Em5Mj8ykVSTl8U4QKIZ_n7L1bF8H1kL1-turn6,From q4 there is only one transition to q0 marked with 0.,"{""da"": ""Ta:answer"", ""et"": ""fsa-practical"", ""ar"": ""Transition"", ""sn"": ""['transitions']"", ""sv"": ""[[('q4','q0','0')]]""}"
rHgyaZS8T8cuQ0u39AHqQBs_vaj5ePIu-turn7,has it cycles ,"{""da"": ""Ta:propositionalQuestion"", ""et"": ""fsa-practical"", ""ar"": ""Pattern"", ""sn"": ""['patternType']"", ""sv"": ""['?']""}"
ctyHWUgv9B_kHA6DNcrgMxadmJZJ1sHa-turn8,"I don't know, try asking something like, ""Describe this automaton."" ","{""da"": ""AutoF:autoNegative; DS:suggest"", ""et"": ""Nan"", ""ar"": ""Nan"", ""sn"": ""[]"", ""sv"": ""[]""}"
71DvREY3rPDW1C0uzelsV6yXdSNexElS-turn9,Briefly describe the automaton How many states are there ,"{""da"": ""Ta:request; Ta:setQuestion"", ""et"": ""fsa-practical"", ""ar"": ""Automata"", ""sn"": ""[]"", ""sv"": ""[]""}"
66feed750281fd1ff4448b0a-turn1,is there an alpabet,"{""da"": ""Ta:propositionalQuestion"", ""et"": ""fsa-practical"", ""ar"": ""Alphabet"", ""sn"": ""['alphabet']"", ""sv"": ""['?']""}"
q9Tw8Mb_nRwbwBOy-cnCELz2dVncJh-T-turn25,Talk me about transitions ,"{""da"": ""Ta:request"", ""et"": ""fsa-practical"", ""ar"": ""Transition"", ""sn"": ""['transitions']"", ""sv"": ""['?']""}"
"""meno""pu7A-turn3",Does it only accept 1s and 0s ,"{""da"": ""Ta:propositionalQuestion"", ""et"": ""fsa-practical"", ""ar"": ""Alphabet"", ""sn"": ""['alphabet']"", ""sv"": ""[['0','1']]""}"
P-_bE79Vy1PQJqftQhKxblP_VtV-DNEF-turn1,What can I use finite state automata for ,"{""da"": ""Ta:setQuestion"", ""et"": ""fsa-theoretical"", ""ar"": ""Automata"", ""sn"": ""[]"", ""sv"": ""[]""}"
66fef46080136d0844fa0e3f-turn1,what input can be processed by the automaton,"{""da"": ""Ta:setQuestion"", ""et"": ""fsa-practical"", ""ar"": ""Language"", ""sn"": ""['input']"", ""sv"": ""['?']""}"
k1xVMO4RTaL82fwPSwYj5iaHpyEYTMcz-turn17,can you describe the transitions ,"{""da"": ""OCM:selfCorrection"", ""et"": ""fsa-practical"", ""ar"": ""Transition"", ""sn"": ""['transitions']"", ""sv"": ""['?']""}"
k1xVMO4RTaL82fwPSwYj5iaHpyEYTMcz-turn7,what are the input symbols ,"{""da"": ""Ta:setQuestion"", ""et"": ""fsa-practical"", ""ar"": ""Alphabet"", ""sn"": ""['alphabet']"", ""sv"": ""['?']""}"
ShIe4j-y-ekoRj_Xvt7r2MkyrvfyFPK6-turn1,what are the states and the connections between states ,"{""da"": ""Ta:setQuestion"", ""et"": ""fsa-practical"", ""ar"": ""Transition"", ""sn"": ""['transitions']"", ""sv"": ""['?']""}"
K5RjdKDOVHgcktsKy-aBfu8jEOHFumTe-turn3,is there an arc between q0 and q1 ,"{""da"": ""Ta:propositionalQuestion"", ""et"": ""fsa-practical"", ""ar"": ""Transition"", ""sn"": ""['transitions']"", ""sv"": ""[[('q0','q1','?')]]""}"
66d8a74310bc5a5425187398-turn1,is there a way to reach the state q1 from the state q3,"{""da"": ""Ta:propositionalQuestion"", ""et"": ""fsa-practical"", ""ar"": ""Transition"", ""sn"": ""['stateFrom','stateTo']"", ""sv"": ""['q1','q3']""}"
CW4txSkffsEwrT2wLOzWbeScRrQESVBu-turn27,what is the accepted language,"{""da"": ""Ta:setQuestion"", ""et"": ""fsa-practical"", ""ar"": ""Language"", ""sn"": ""['input']"", ""sv"": ""['?']""}"
ijaiv0hGDVwkzukjPHEmUC6QtX9wfCHf-turn25,which are the final states ,"{""da"": ""Ta:setQuestion"", ""et"": ""fsa-practical"", ""ar"": ""State"", ""sn"": ""['finalStates']"", ""sv"": ""['?']""}"
66c994cdd9a23f4774b60831-turn1,is there a particular pattern among the arcs,"{""da"": ""Ta:propositionalQuestion"", ""et"": ""fsa-practical"", ""ar"": ""Pattern"", ""sn"": ""['patternType']"", ""sv"": ""['?']""}"
66c998acd9a23f4774b60861-turn1,describe me the state q1,"{""da"": ""Ta:request"", ""et"": ""fsa-practical"", ""ar"": ""State"", ""sn"": ""['states']"", ""sv"": ""[['q1']]""}"
0SyWdd-YbWP90wUhHSiSYaBDArgtJvUi-turn28,"The alphabet accepted by this automaton is a binary alphabet made by 0s and 1s. If you want toknow about the language accepted, ask me about it. ","{""da"": ""Ta:answer"", ""et"": ""fsa-practical"", ""ar"": ""Alphabet"", ""sn"": ""[]"", ""sv"": ""[]""}"
bq9WYgxCi_ATitsSgtUQUUqZSE2kbkAz-turn10,"This automaton has five transitions. From q0 to q1 there is an arc marked as 1. From q1 to q2 there is another arc marked as 1. From q2 to q3 there is an arc marked as 1. From q3 to q4 there is an arc marked as 0. Finally, from q4 to q0 there is an arc marked as 0.","{""da"": ""Ta:answer"", ""et"": ""fsa-practical"", ""ar"": ""Transition"", ""sn"": ""['numberOfTransitions','transitions']"", ""sv"": ""['5',[('q0','q1','1'),('q1','q2','1'),('q2','q3','1'),('q3','q4','0'),('q4','q0','0')]]""}"
66fefb889021ec0b460c69ae-turn1,give to me the list of states,"{""da"": ""Ta:request"", ""et"": ""fsa-practical"", ""ar"": ""State"", ""sn"": ""['states']"", ""sv"": ""['?']""}"
66fef5a4aa9a9ff3615fab1f-turn1,what are the nodes,"{""da"": ""Ta:setQuestion"", ""et"": ""fsa-practical"", ""ar"": ""State"", ""sn"": ""['states']"", ""sv"": ""['?']""}"
ijaiv0hGDVwkzukjPHEmUC6QtX9wfCHf-turn19,how many final states there are ,"{""da"": ""Ta:setQuestion"", ""et"": ""fsa-practical"", ""ar"": ""State"", ""sn"": ""['numberOfFinalStates']"", ""sv"": ""['?']""}"
66c9944fd9a23f4774b60825-turn1,What is the accepted language,"{""da"": ""Ta:setQuestion"", ""et"": ""fsa-practical"", ""ar"": ""Language"", ""sn"": ""['input']"", ""sv"": ""['?']""}"
sveUGr-bCBUSZI2QFJORfflTpgefFbKW-turn7,is q1 linked to q4 ,"{""da"": ""Ta:propositionalQuestion"", ""et"": ""fsa-practical"", ""ar"": ""Transition"", ""sn"": ""['transitions']"", ""sv"": ""[[('q1','q4','?')]]""}"
66d89f079880ff2cbea5b434-turn2,This is a deterministic automaton.,"{""da"": ""Ta:answer"", ""et"": ""fsa-practical"", ""ar"": ""Automata"", ""sn"": ""['automataType']"", ""sv"": ""['deterministic']""}"
P-_bE79Vy1PQJqftQhKxblP_VtV-DNEF-turn23,Which transitions start from q1 ,"{""da"": ""Ta:setQuestion"", ""et"": ""fsa-practical"", ""ar"": ""Transition"", ""sn"": ""['transitions']"", ""sv"": ""[[('q1','?','?')]]""}"
66ff019c9021ec0b460c6a4e-turn1,is it a non-deterministic finite state automaton,"{""da"": ""Ta:propositionalQuestion"", ""et"": ""fsa-practical"", ""ar"": ""Automata"", ""sn"": ""['automataType']"", ""sv"": ""['nonDeterministic']""}"
66dc11bfc1145f84a63b505e-turn1,Is there a particular pattern among the transitions in this automaton,"{""da"": ""Ta:setQuestion"", ""et"": ""fsa-practical"", ""ar"": ""Pattern"", ""sn"": ""['patternType']"", ""sv"": ""['?']""}"
hIbhGTnnFCuBbgJSGj1EmY944k9a71iY-turn5,What language does the automaton accept ,"{""da"": ""Ta:setQuestion"", ""et"": ""fsa-practical"", ""ar"": ""Language"", ""sn"": ""[]"", ""sv"": ""[]""}"
VMkBtJ-FIizHxrkxPyS3DniIMKBgDUwJ-turn11,What is the initial state ,"{""da"": ""Ta:setQuestion"", ""et"": ""fsa-practical"", ""ar"": ""State"", ""sn"": ""['initialState']"", ""sv"": ""['?']""}"
gQZalALP9AxsFfEPC9Lm_JhIimMxTW_j-turn17,Is there an arc from q4 ,"{""da"": ""Ta:propositionalQuestion"", ""et"": ""fsa-practical"", ""ar"": ""Transition"", ""sn"": ""['transitions']"", ""sv"": ""[[('q4','?','?')]]""}"
q9Tw8Mb_nRwbwBOy-cnCELz2dVncJh-T-turn29,What is the result ,"{""da"": ""Ta:setQuestion"", ""et"": ""fsa-theoretical"", ""ar"": ""Language"", ""sn"": ""['output']"", ""sv"": ""['?']""}"
66dc0f98c1145f84a63b5044-turn1,How does the automaton behave if the input starts with a 0 instead of a 1?,"{""da"": ""Ta:setQuestion"", ""et"": ""fsa-practical"", ""ar"": ""Language"", ""sn"": ""['input']"", ""sv"": ""['0']""}"
ijaiv0hGDVwkzukjPHEmUC6QtX9wfCHf-turn27,which is the final state ,"{""da"": ""Ta:setQuestion"", ""et"": ""fsa-practical"", ""ar"": ""State"", ""sn"": ""['finalStates']"", ""sv"": ""['?']""}"
V3HOB-turn13,What transitions enter and exit q3 ,"{""da"": ""Ta:setQuestion"", ""et"": ""fsa-practical"", ""ar"": ""Transition"", ""sn"": ""['transitions']"", ""sv"": ""[[('?','q3','?'),('q3','?','?')]]""}"
K2TB8bOVY1WHuazVxCQEhM789Y6lGaHw-turn11,briefly describe you the automaton ,"{""da"": ""Ta:request"", ""et"": ""fsa-practical"", ""ar"": ""Automata"", ""sn"": ""[]"", ""sv"": ""[]""}"
66fef34980136d0844fa0e2b-turn1,is q0 the initial state,"{""da"": ""Ta:propositionalQuestion"", ""et"": ""fsa-practical"", ""ar"": ""State"", ""sn"": ""['initialState']"", ""sv"": ""['q0']""}"
0MgCjt8WVTxN4Thm2f0TbS_vigxpGyhI-turn2,q0 is both the initial and final state.,"{""da"": ""Ta:answer"", ""et"": ""fsa-practical"", ""ar"": ""State"", ""sn"": ""['initialState','finalStates']"", ""sv"": ""['q0',['q0']]""}"
gQZalALP9AxsFfEPC9Lm_JhIimMxTW_j-turn21,Is there an arc from q1 ,"{""da"": ""Ta:propositionalQuestion"", ""et"": ""fsa-practical"", ""ar"": ""Transition"", ""sn"": ""['transitions']"", ""sv"": ""[[('q1','?','?')]]""}"
q9Tw8Mb_nRwbwBOy-cnCELz2dVncJh-T-turn13,Give me some examples of inputs and output ,"{""da"": ""Ta:request"", ""et"": ""fsa-practical"", ""ar"": ""Language"", ""sn"": ""['input','output']"", ""sv"": ""['?','?']""}"
P-_bE79Vy1PQJqftQhKxblP_VtV-DNEF-turn17,What is the final state ,"{""da"": ""Ta:setQuestion"", ""et"": ""fsa-practical"", ""ar"": ""State"", ""sn"": ""['finalStates']"", ""sv"": ""['?']""}"
P-_bE79Vy1PQJqftQhKxblP_VtV-DNEF-turn14,"It is an automaton which accepts zero or more words in a binary alphabet formed by asequence of a pair of 1s followed by a 0. There are a total of 3 states: q0, q1, and q2. q0 is both initial and end state. From each state 1 arc starts: from q0 the arc points to q2 and is marked with 1. From q2 it points to q1 and is marked with 1. From q1 it points to q0 and is marked with 0. ","{""da"": ""Ta:answer"", ""et"": ""fsa-practical"", ""ar"": ""Automata"", ""sn"": ""['alphabet','input','numberOfStates','states','initialState','finalStates','transitions']"", ""sv"": ""[['0','1'], '110','3',['q0','q1','q2'],'q0',['q0'],[('q0','q2','1'),('q2','q1','1'),('q1','q0','0')]]""}"
0SyWdd-YbWP90wUhHSiSYaBDArgtJvUi-turn3,what is the initial stage of the automaton ,"{""da"": ""Ta:setQuestion"", ""et"": ""fsa-practical"", ""ar"": ""State"", ""sn"": ""['initialState']"", ""sv"": ""['?']""}"
 _5HlGjFdH6WD3QHzT82E_hSsC1N12Z5J-turn4,"This automaton has three states. q0 is the initial and final state. q0 is connected to q2 which is in turn connected to q1. Finally, q1 is connected to q0. ","{""da"": ""Ta:answer"", ""et"": ""fsa-practical"", ""ar"": ""State"", ""sn"": ""['numberOfStates','initialState','finalStates','transitions']"", ""sv"": ""['3','q0',['q0'],[('q0','q2','Nan'),('q2','q1','Nan'),('q1','q0','Nan')]]""}"
gQZalALP9AxsFfEPC9Lm_JhIimMxTW_j-turn8,"Yes, there is a transition from q1 to q2 and is marked with 1. ","{""da"": ""Ta:answer"", ""et"": ""fsa-practical"", ""ar"": ""Transition"", ""sn"": ""['transitions']"", ""sv"": ""[[('q1','q2','1')]]""}"
Em5Mj8ykVSTl8U4QKIZ_n7L1bF8H1kL1-turn31,transition from q3,"{""da"": ""Ta:request"", ""et"": ""fsa-practical"", ""ar"": ""Transition"", ""sn"": ""['transitions']"", ""sv"": ""[[('q3','?','?')]]""}"
hIbhGTnnFCuBbgJSGj1EmY944k9a71iY-turn6,The language accepted by this automaton is made of zero or more words formed by a sequence of a pair of 1s followed by a 0. ,"{""da"": ""Ta:answer"", ""et"": ""fsa-practical"", ""ar"": ""Language"", ""sn"": ""['alphabet','input']"", ""sv"": ""[['0','1'],'110']""}"
66fef604aa9a9ff3615fab21-turn1,what are the states,"{""da"": ""Ta:setQuestion"", ""et"": ""fsa-practical"", ""ar"": ""State"", ""sn"": ""['states']"", ""sv"": ""['?']""}"
k1xVMO4RTaL82fwPSwYj5iaHpyEYTMcz-turn19,if the input is 11100 which is the result ,"{""da"": ""Ta:setQuestion"", ""et"": ""fsa-practical"", ""ar"": ""Language"", ""sn"": ""['input']"", ""sv"": ""['11100']""}"
66c99789d9a23f4774b60849-turn1,describe me the alphabet and how its used,"{""da"": ""Ta:request"", ""et"": ""fsa-practical"", ""ar"": ""Alphabet"", ""sn"": ""['alphabet']"", ""sv"": ""['?']""}"
66dc19089ddcb359f401a62a-turn1,What triggers a transition from one state to another in the automaton,"{""da"": ""Ta:setQuestion"", ""et"": ""fsa-theoretical"", ""ar"": ""Transition"", ""sn"": ""[]"", ""sv"": ""[]""}"
0MgCjt8WVTxN4Thm2f0TbS_vigxpGyhI-turn18,"I dont' know. Try just asking something like, ""How many states are there?""","{""da"": ""AutoF:autoNegative; DS:suggest"", ""et"": ""Nan"", ""ar"": ""Nan"", ""sn"": ""[]"", ""sv"": ""[]""}"
CW4txSkffsEwrT2wLOzWbeScRrQESVBu-turn53,what is a connection,"{""da"": ""Ta:setQuestion"", ""et"": ""fsa-practical"", ""ar"": ""Transition"", ""sn"": ""['transitions']"", ""sv"": ""['?']""}"
66d8a0229880ff2cbea5b446-turn1,tell me a real use case of this automation,"{""da"": ""Ta:request"", ""et"": ""fsa-theoretical"", ""ar"": ""Automata"", ""sn"": ""[]"", ""sv"": ""[]""}"
CW4txSkffsEwrT2wLOzWbeScRrQESVBu-turn6,"It is an automaton which accepts zero or more words in a binary alphabet formed by a   sequence of a triple of 1s followed by a pair of 0s. There are a total of 5 states: q0, q1,   q2, q3, and q4. q0 is both initial and end state.   From each state 1 arc starts: from q0 the arc points to q1 and is marked with 1.   From q1 it points to q2 and is marked with 1.   From q2 it points to q3 and is marked with 1.   From q3 points to q4 and is marked with 0.   Finally, from q4 points to q0 and is marked again with 0.","{""da"": ""Ta:answer"", ""et"": ""fsa-practical"", ""ar"": ""Automata"", ""sn"": ""['alphabet','input','numberOfStates','states','initialState','finalStates','transitions']"", ""sv"": ""[['0','1'],'11100','5',['q0','q1','q2','q3','q4'],'q0',['q0'],[('q0','q1','1'),('q1','q2','1'),('q2','q3','1'),('q3','q4','0'),('q4','q0','0')]]""}"
0MgCjt8WVTxN4Thm2f0TbS_vigxpGyhI-turn19,how many loops are there,"{""da"": ""Ta:setQuestion"", ""et"": ""fsa-practical"", ""ar"": ""Transition"", ""sn"": ""[]"", ""sv"": ""[]""}"
66fef3bb80136d0844fa0e35-turn1,are there other final states,"{""da"": ""Ta:propositionalQuestion"", ""et"": ""fsa-practical"", ""ar"": ""State"", ""sn"": ""['finalStates']"", ""sv"": ""['?']""}"
66d8a5ff10bc5a5425187386-turn1,how many final states the automaton has,"{""da"": ""Ta:setQuestion"", ""et"": ""fsa-practical"", ""ar"": ""State"", ""sn"": ""['numberOfFinalStates']"", ""sv"": ""['?']""}"
66c9995ed9a23f4774b6086d-turn1,can i transite from q1 to q0,"{""da"": ""Ta:propositionalQuestion"", ""et"": ""fsa-practical"", ""ar"": ""Transition"", ""sn"": ""['transitions']"", ""sv"": ""[[('q1','q0','?')]]""}"
ShIe4j-y-ekoRj_Xvt7r2MkyrvfyFPK6-turn22,"It is an automaton which accepts zero or more words in a binary alphabet formed by a sequence of a pair of 1s followed by a 0. There are a total of 3 states: q0, q1, and q2. q0 is both initial and end state. From each state 1 arc starts: from q0 the arc points to q2 and is marked with 1. From q2 it points to q1 and is marked with 1. From q1 it points to q0 and is marked with 0.","{""da"": ""Ta:answer"", ""et"": ""fsa-practical"", ""ar"": ""Automata"", ""sn"": ""['alphabet','input','numberOfStates','states','initialState','finalStates','transitions']"", ""sv"": ""[['0','1'],'110','3',['q0','q1','q2'],'q0',['q0'],[('q0','q2','1'),('q2','q1','1'),('q1','q0','0')]]""}"
"""meno""pu7A-turn2",This automaton accepts zero or more words in a binary alphabet formed by a sequence of a triple of 1s followed by a pair of 0s. ,"{""da"": ""Ta:answer"", ""et"": ""fsa-practical"", ""ar"": ""Automata"", ""sn"": ""['alphabet','input']"", ""sv"": ""[['0','1'],'11100']""}"
VMkBtJ-FIizHxrkxPyS3DniIMKBgDUwJ-turn17,what language accepts this auotmata ,"{""da"": ""Ta:setQuestion"", ""et"": ""fsa-practical"", ""ar"": ""Language"", ""sn"": ""[]"", ""sv"": ""[]""}"
ijaiv0hGDVwkzukjPHEmUC6QtX9wfCHf-turn13,are there arcs from q4 ,"{""da"": ""Ta:propositionalQuestion"", ""et"": ""fsa-practical"", ""ar"": ""Transition"", ""sn"": ""['transitions']"", ""sv"": ""[[('q4','?','?')]]""}"
66c9942fd9a23f4774b6081f-turn1,explain how words made by 1s and 0s are used,"{""da"": ""Ta:request"", ""et"": ""fsa-practical"", ""ar"": ""Language"", ""sn"": ""['alphabet']"", ""sv"": ""['0','1']""}"
66fefa899021ec0b460c69a4-turn1,Give me a list of the arcs,"{""da"": ""Ta:request"", ""et"": ""fsa-practical"", ""ar"": ""Transition"", ""sn"": ""['transitions']"", ""sv"": ""['?']""}"
AIzOyq5ExGrZ23ca0dNIWCK5C2HD3cCA-turn11,Is there a pattern among the transitions ,"{""da"": ""Ta:propositionalQuestion"", ""et"": ""fsa-practical"", ""ar"": ""Pattern"", ""sn"": ""['patternType']"", ""sv"": ""['?']""}"
66fefde89021ec0b460c69f4-turn1,What are the states connected to q3,"{""da"": ""Ta:setQuestion"", ""et"": ""fsa-practical"", ""ar"": ""State"", ""sn"": ""['transitions']"", ""sv"": ""[[('q3','?','?')]]""}"
"""meno""pu7A-turn29",Which are the transitions from q4 ,"{""da"": ""Ta:setQuestion"", ""et"": ""fsa-practical"", ""ar"": ""Transition"", ""sn"": ""['transitions']"", ""sv"": ""[[('q4','?','?')]]""}"
66feebad0281fd1ff4448ae2-turn1,what are the arcs,"{""da"": ""Ta:setQuestion"", ""et"": ""fsa-practical"", ""ar"": ""Transition"", ""sn"": ""['transitions']"", ""sv"": ""['?']""}"
k1xVMO4RTaL82fwPSwYj5iaHpyEYTMcz-turn1,what is optimization ,"{""da"": ""Ta:setQuestion"", ""et"": ""Nan"", ""ar"": ""Nan"", ""sn"": ""[]"", ""sv"": ""[]""}"
V3HOB-turn7,What transitions enter and exit q1 ,"{""da"": ""Ta:setQuestion"", ""et"": ""fsa-practical"", ""ar"": ""Transition"", ""sn"": ""['transitions']"", ""sv"": ""[[('?','q1','?'),('q1','?','?')]]""}"
66d8a53d10bc5a5425187380-turn1,based on your previous answer this automata could accept the binary string 111100,"{""da"": ""Ta:propositionalQuestion"", ""et"": ""fsa-practical"", ""ar"": ""Language"", ""sn"": ""['input']"", ""sv"": ""['111100']""}"
ctyHWUgv9B_kHA6DNcrgMxadmJZJ1sHa-turn7,There is a transition between q5 and q7 ,"{""da"": ""Ta:propositionalQuestion"", ""et"": ""fsa-practical"", ""ar"": ""Transition"", ""sn"": ""['transitions']"", ""sv"": ""[[('q5','q7','?')]]""}"
uX-G8wJ5wSxmtNvsKkQg61kTOFczKm8b-turn15,which arc from q4,"{""da"": ""Ta:setQuestion"", ""et"": ""fsa-practical"", ""ar"": ""Transition"", ""sn"": ""['transitions']"", ""sv"": ""[[('q4','?','?')]]""}"
CW4txSkffsEwrT2wLOzWbeScRrQESVBu-turn35,q2 to q3,"{""da"": ""Ta:request"", ""et"": ""fsa-practical"", ""ar"": ""Transition"", ""sn"": ""['transitions']"", ""sv"": ""[[('q2','q3','?')]]""}"
CW4txSkffsEwrT2wLOzWbeScRrQESVBu-turn21,states,"{""da"": ""Ta:request"", ""et"": ""fsa-practical"", ""ar"": ""State"", ""sn"": ""['states']"", ""sv"": ""['?']""}"
P-_bE79Vy1PQJqftQhKxblP_VtV-DNEF-turn3,How many states can I use in an automaton ,"{""da"": ""Ta:setQuestion"", ""et"": ""fsa-theoretical"", ""ar"": ""State"", ""sn"": ""['numberOfStates']"", ""sv"": ""['?']""}"
K2TB8bOVY1WHuazVxCQEhM789Y6lGaHw-turn8,From q0 there is only one transition to q2 marked with 1. ,"{""da"": ""Ta:answer"", ""et"": ""fsa-practical"", ""ar"": ""Transition"", ""sn"": ""['transitions']"", ""sv"": ""[[('q0','q2','1')]]""}"
66c998acd9a23f4774b60861-turn2,q1 is a state of this automaton. From q1 to q2 there is a transition marked          with 1. Also from q0 to q1 there is a transition marked with 1.,"{""da"": ""Ta:answer"", ""et"": ""fsa-practical"", ""ar"": ""State"", ""sn"": ""['transitions']"", ""sv"": ""[[('q1','q2','1'),('q0','q1','1')]]""}"
"""meno""pu7A-turn7",And how about the arrows ,"{""da"": ""Ta:setQuestion"", ""et"": ""fsa-practical"", ""ar"": ""Transition"", ""sn"": ""['transitions']"", ""sv"": ""['?']""}"
bq9WYgxCi_ATitsSgtUQUUqZSE2kbkAz-turn11,overview of the automaton,"{""da"": ""Ta:request"", ""et"": ""fsa-practical"", ""ar"": ""Automata"", ""sn"": ""[]"", ""sv"": ""[]""}"
0SyWdd-YbWP90wUhHSiSYaBDArgtJvUi-turn2,"A finite-state automaton is a dynamic, discrete, invariant systemin which the sets of input, output and state are finite. The system can be in any of a finite number of internal states that define the automaton. A particularly important class of automata is that of automata capable of recognizingwhether or not a string is part of a given language or not: recognizer automata. Such a finite-state automaton consists of a finite set of states and a finite set oftransitions from one state to another. For each distinct pair formed by a state of theautomaton (the departure state) and an alphabet symbol, there is a transition to anarrival state. The symbol of the pair is said to be associated with the transition, oreven that the transition ""accepts the symbol."" The state of arrival state can alsocoincide with the start state. Each finite-state automaton is uniquely associated with anoriented graph called a transition diagram. The nodes of the graph coincide with thestates of the automaton. If there is a transition from state q to state p with a as theassociated symbol, then there is an arc oriented from node q to node p and labeled withthe symbol a. See the Homepage for more. ","{""da"": ""Ta:answer"", ""et"": ""fsa-theoretical"", ""ar"": ""Automata"", ""sn"": ""[]"", ""sv"": ""[]""}"
66dde203a69c9e02a05c3d65-turn1,What input causes the automaton to move from one state to the next,"{""da"": ""Ta:setQuestion"", ""et"": ""fsa-practical"", ""ar"": ""Language"", ""sn"": ""['input']"", ""sv"": ""['?']""}"
ijaiv0hGDVwkzukjPHEmUC6QtX9wfCHf-turn29,How many final states are there ,"{""da"": ""Ta:setQuestion"", ""et"": ""fsa-practical"", ""ar"": ""State"", ""sn"": ""['numberOfFinalStates']"", ""sv"": ""['?']""}"
66d89c769880ff2cbea5b424-turn2,"I'm sorry, I don't know the answer","{""da"": ""AutoF:autoNegative"", ""et"": ""Nan"", ""ar"": ""Nan"", ""sn"": ""[]"", ""sv"": ""[]""}"
K2TB8bOVY1WHuazVxCQEhM789Y6lGaHw-turn2,"There are a total of 3 states. q0, q1, and q2. q0 is both initial and finalstate. ","{""da"": ""Ta:answer"", ""et"": ""fsa-practical"", ""ar"": ""State"", ""sn"": ""['numberOfStates','states','initialState','finalStates']"", ""sv"": ""['3',['q0','q1','q2'],'q0',['q0']]""}"
Em5Mj8ykVSTl8U4QKIZ_n7L1bF8H1kL1-turn29,arc from q2,"{""da"": ""Ta:request"", ""et"": ""fsa-practical"", ""ar"": ""Transition"", ""sn"": ""['transitions']"", ""sv"": ""[[('q2','?','?')]]""}"
66fef7c0aa9a9ff3615fab6f-turn1,what symbols accept,"{""da"": ""Ta:setQuestion"", ""et"": ""fsa-practical"", ""ar"": ""Alphabet"", ""sn"": ""['alphabet']"", ""sv"": ""['?']""}"
uW3QEQnfk56NRlWclbyBzNkqsp20ChY1-turn5,Is 11100 part of the accepted language ,"{""da"": ""Ta:propositionalQuestion"", ""et"": ""fsa-practical"", ""ar"": ""Language"", ""sn"": ""['input']"", ""sv"": ""['11100']""}"
66d89bb89880ff2cbea5b41e-turn2,"You can ask me to describe you the automaton or a more specific question about it. For      example, you can ask me about transitions or      whether there is a path between two nodes.","{""da"": ""DS:suggest"", ""et"": ""Nan"", ""ar"": ""Nan"", ""sn"": ""[]"", ""sv"": ""[]""}"
V3HOB-turn22,There are a total of 5 arcs. Try asking me if there is a particular pattern among them. ,"{""da"": ""Ta:answer; Ta:suggest"", ""et"": ""fsa-practical"", ""ar"": ""Transition"", ""sn"": ""['numberOfTransitions']"", ""sv"": ""['5']""}"
ijaiv0hGDVwkzukjPHEmUC6QtX9wfCHf-turn23,is q4 a final state ,"{""da"": ""Ta:propositionalQuestion"", ""et"": ""fsa-practical"", ""ar"": ""State"", ""sn"": ""['finalStates']"", ""sv"": ""[['q4']]""}"
ByLC2-turn7,Describe automaton ,"{""da"": ""Ta:request"", ""et"": ""fsa-practical"", ""ar"": ""Automata"", ""sn"": ""[]"", ""sv"": ""[]""}"
66d89e8f9880ff2cbea5b430-turn1,in which state would the automation goes if it read a 0 from the state q1,"{""da"": ""Ta:setQuestion"", ""et"": ""fsa-practical"", ""ar"": ""Transition"", ""sn"": ""['transitions']"", ""sv"": ""[[('q1','?','0')]]""}"
V3HOB-turn23,Is there a particular pattern ,"{""da"": ""Ta:propositionalQuestion"", ""et"": ""fsa-practical"", ""ar"": ""Pattern"", ""sn"": ""['patternType']"", ""sv"": ""['?']""}"
CW4txSkffsEwrT2wLOzWbeScRrQESVBu-turn45,describe the position of nodes,"{""da"": ""Ta:request"", ""et"": ""fsa-practical"", ""ar"": ""Automata"", ""sn"": ""['graphicRepresentation']"", ""sv"": ""['?']""}"
uW3QEQnfk56NRlWclbyBzNkqsp20ChY1-turn1,What are the accepted inputs ,"{""da"": ""Ta:setQuestion"", ""et"": ""fsa-practical"", ""ar"": ""Language"", ""sn"": ""['input']"", ""sv"": ""['?']""}"
71DvREY3rPDW1C0uzelsV6yXdSNexElS-turn13,How many states are in Automation 2 ,"{""da"": ""Ta:setQuestion"", ""et"": ""fsa-practical"", ""ar"": ""State"", ""sn"": ""['numberOfStates']"", ""sv"": ""['?']""}"
0SyWdd-YbWP90wUhHSiSYaBDArgtJvUi-turn9,what is the language accepted by the automaton ,"{""da"": ""Ta:setQuestion"", ""et"": ""fsa-practical"", ""ar"": ""Language"", ""sn"": ""[]"", ""sv"": ""[]""}"
 _5HlGjFdH6WD3QHzT82E_hSsC1N12Z5J-turn5,What direction are the connections between the states ,"{""da"": ""Ta:setQuestion"", ""et"": ""fsa-practical"", ""ar"": ""Transition"", ""sn"": ""['transitions']"", ""sv"": ""['?']""}"
66fef4d380136d0844fa0e49-turn1,What input the automaton accept,"{""da"": ""Ta:setQuestion"", ""et"": ""fsa-practical"", ""ar"": ""Language"", ""sn"": ""['input']"", ""sv"": ""['?']""}"
Em5Mj8ykVSTl8U4QKIZ_n7L1bF8H1kL1-turn15,final state,"{""da"": ""Ta:request"", ""et"": ""fsa-practical"", ""ar"": ""State"", ""sn"": ""['finalStates']"", ""sv"": ""['?']""}"
CW4txSkffsEwrT2wLOzWbeScRrQESVBu-turn47,describe the arcs,"{""da"": ""Ta:request"", ""et"": ""fsa-practical"", ""ar"": ""Transition"", ""sn"": ""['transitions']"", ""sv"": ""['?']""}"
Em5Mj8ykVSTl8U4QKIZ_n7L1bF8H1kL1-turn19,arc from q2 to q1,"{""da"": ""Ta:request"", ""et"": ""fsa-practical"", ""ar"": ""Transition"", ""sn"": ""['transitions']"", ""sv"": ""[[('q2','q1','?')]]""}"
66d89f079880ff2cbea5b434-turn1,is the automation deterministic or non-deterministic,"{""da"": ""Ta:setQuestion"", ""et"": ""fsa-practical"", ""ar"": ""Automata"", ""sn"": ""['automataType']"", ""sv"": ""['?']""}"
AIzOyq5ExGrZ23ca0dNIWCK5C2HD3cCA-turn8,There are a total of 5 arcs. Try asking me if there is a particular pattern among them.,"{""da"": ""Ta:answer"", ""et"": ""fsa-practical"", ""ar"": ""Transition"", ""sn"": ""['numberOfTransitions']"", ""sv"": ""['5']""}"
uW3QEQnfk56NRlWclbyBzNkqsp20ChY1-turn9,Is there a particular pattern among the arcs ,"{""da"": ""Ta:propositionalQuestion"", ""et"": ""fsa-practical"", ""ar"": ""Pattern"", ""sn"": ""['patternType']"", ""sv"": ""['?']""}"
Em5Mj8ykVSTl8U4QKIZ_n7L1bF8H1kL1-turn22,"Yes, there is a transition from q3 to q4 and is marked with 0.","{""da"": ""Ta:answer"", ""et"": ""fsa-practical"", ""ar"": ""Transition"", ""sn"": ""['transitions']"", ""sv"": ""[[('q3','q4','0')]]""}"
w05LD7si_oM5jBhxC-dUqFBsx77pOFB2-turn10,The language accepted by this automaton is made of zero or more words formed by a sequence of a pair of 1s followed by a 0.,"{""da"": ""Ta:answer"", ""et"": ""fsa-practical"", ""ar"": ""Language"", ""sn"": ""['alphabet','input']"", ""sv"": ""[['0','1'],'110']""}"
66dc170a9ddcb359f401a61e-turn1,What is the role of the final state in the automaton,"{""da"": ""Ta:setQuestion"", ""et"": ""fsa-theoretical"", ""ar"": ""State"", ""sn"": ""['finalStates']"", ""sv"": ""['?']""}"
w05LD7si_oM5jBhxC-dUqFBsx77pOFB2-turn1,how many states has the automata ,"{""da"": ""Ta:setQuestion"", ""et"": ""fsa-practical"", ""ar"": ""State"", ""sn"": ""['numberOfStates']"", ""sv"": ""['?']""}"
uW3QEQnfk56NRlWclbyBzNkqsp20ChY1-turn17,Is q0 the final state ,"{""da"": ""Ta:propositionalQuestion"", ""et"": ""fsa-practical"", ""ar"": ""State"", ""sn"": ""['finalStates']"", ""sv"": ""[['q0']]""}"
66dc1134c1145f84a63b5054-turn1,How many transitions are there in this automaton,"{""da"": ""Ta:setQuestion"", ""et"": ""fsa-practical"", ""ar"": ""Transition"", ""sn"": ""['numberOfTransitions']"", ""sv"": ""['?']""}"
66fef763aa9a9ff3615fab65-turn2,"A finite-state automaton is a dynamic, discrete, invariant system          in which the sets of input, output and state are finite.          The system can be in any of a finite number of internal states that define the automaton.          A particularly important class of automata is that of automata capable of recognizing          whether or not a string is part of a given language or not: recognizer automata.          Such a finite-state automaton consists of a finite set of states and a finite set of          transitions from one state to another. For each distinct pair formed by a state of the          automaton (the departure state) and an alphabet symbol, there is a transition to an          arrival state. The symbol of the pair is said to be associated with the transition, or          even that the transition ""accepts the symbol."" The state of arrival state can also          coincide with the start state. Each finite-state automaton is uniquely associated with an          oriented graph called a transition diagram. The nodes of the graph coincide with the          states of the automaton. If there is a transition from state q to state p with a as the          associated symbol, then there is an arc oriented from node q to node p and labeled with          the symbol a. See the Homepage for more.","{""da"": ""Ta:answer"", ""et"": ""fsa-theoretical"", ""ar"": ""Automata"", ""sn"": ""[]"", ""sv"": ""[]""}"
CW4txSkffsEwrT2wLOzWbeScRrQESVBu-turn7,how many transitions are ther ein the automaton,"{""da"": ""Ta:setQuestion"", ""et"": ""fsa-practical"", ""ar"": ""Transition"", ""sn"": ""['numberOfTransitions']"", ""sv"": ""['?']""}"
66c997d4d9a23f4774b6084f-turn2,"The alphabet accepted by this automaton is a binary alphabet made by 0s and 1s. If you want to know about the language accepted, ask me about it.","{""da"": ""Ta:answer"", ""et"": ""fsa-practical"", ""ar"": ""Alphabet"", ""sn"": ""['alphabet']"", ""sv"": ""[['0','1']]""}"
AIzOyq5ExGrZ23ca0dNIWCK5C2HD3cCA-turn18,"I dont' know. Try asking something like, ""What is the accepted language?""","{""da"": ""AutoF:autoNegative; DS:suggest"", ""et"": ""Nan"", ""ar"": ""Nan"", ""sn"": ""[]"", ""sv"": ""[]""}"
CW4txSkffsEwrT2wLOzWbeScRrQESVBu-turn55,represent the automaton,"{""da"": ""Ta:request"", ""et"": ""fsa-practical"", ""ar"": ""Automata"", ""sn"": ""[]"", ""sv"": ""[]""}"
Em5Mj8ykVSTl8U4QKIZ_n7L1bF8H1kL1-turn5,arcs from q4,"{""da"": ""Ta:request"", ""et"": ""fsa-practical"", ""ar"": ""Transition"", ""sn"": ""['transitions']"", ""sv"": ""[[('q4','?','?')]]""}"
AIzOyq5ExGrZ23ca0dNIWCK5C2HD3cCA-turn15,Does the automaton accept a language allowing words made of an odd number of 0s and 1s ,"{""da"": ""Ta:propositionalQuestion"", ""et"": ""fsa-practical"", ""ar"": ""Language"", ""sn"": ""['alphabet']"", ""sv"": ""[['0','1']]""}"
66c9944fd9a23f4774b60825-turn2,The language accepted by this automaton is made of zero or more words formed by a      sequence of a triple of 1s followed by a pair of 0s.,"{""da"": ""Ta:answer"", ""et"": ""fsa-practical"", ""ar"": ""Language"", ""sn"": ""['alphabet','input']"", ""sv"": ""[['0','1'],'11100']""}"
CW4txSkffsEwrT2wLOzWbeScRrQESVBu-turn25,is 1 a label for some arc,"{""da"": ""Ta:propositionalQuestion"", ""et"": ""fsa-practical"", ""ar"": ""Transition"", ""sn"": ""['transitions']"", ""sv"": ""[[('?','?','1')]]""}"
k1xVMO4RTaL82fwPSwYj5iaHpyEYTMcz-turn3,what is automation ,"{""da"": ""Ta:setQuestion"", ""et"": ""fsa-theoretical"", ""ar"": ""Automata"", ""sn"": ""[]"", ""sv"": ""[]""}"
71DvREY3rPDW1C0uzelsV6yXdSNexElS-turn6,The automaton can be represented with the states arranged as vertices of a triangle. ,"{""da"": ""Ta:answer"", ""et"": ""fsa-practical"", ""ar"": ""Automata"", ""sn"": ""['graphicRepresentation']"", ""sv"": ""['triangle']""}"
66dde2f1a69c9e02a05c3d83-turn1,What happens after the automaton reaches q4,"{""da"": ""Ta:setQuestion"", ""et"": ""fsa-practical"", ""ar"": ""Transition"", ""sn"": ""['transitions']"", ""sv"": ""[[('q4','?','?')]]""}"
CW4txSkffsEwrT2wLOzWbeScRrQESVBu-turn22,"There are a total of 5 states. q0, q1, q2, q3, and q4. q0 is both initial and final   state.","{""da"": ""Ta:answer"", ""et"": ""fsa-practical"", ""ar"": ""State"", ""sn"": ""['numberOfStates','states','initialState','finalStates']"", ""sv"": ""['5',['q0','q1','q2','q3','q4'],'q0',['q0']]""}"
CW4txSkffsEwrT2wLOzWbeScRrQESVBu-turn9,what is a pattern,"{""da"": ""Ta:setQuestion"", ""et"": ""fsa-theoretical"", ""ar"": ""Pattern"", ""sn"": ""['patternType']"", ""sv"": ""['?']""}"
66fefcb29021ec0b460c69d6-turn1,What are the states connected to q0,"{""da"": ""Ta:setQuestion"", ""et"": ""fsa-practical"", ""ar"": ""State"", ""sn"": ""['transitions']"", ""sv"": ""[[('q0','?','?')]]""}"
uX-G8wJ5wSxmtNvsKkQg61kTOFczKm8b-turn11,which arc from q3,"{""da"": ""Ta:setQuestion"", ""et"": ""fsa-practical"", ""ar"": ""Transition"", ""sn"": ""['transitions']"", ""sv"": ""[[('q3','?','?')]]""}"
g4GdzpVwjD3_X-gmkM5UQstbFQKJqh4d-turn5,atomaton 2 ,"{""da"": ""Ta:request"", ""et"": ""fsa-practical"", ""ar"": ""Automata"", ""sn"": ""[]"", ""sv"": ""[]""}"
66feea640281fd1ff4448ace-turn1,how many nodes are there?,"{""da"": ""Ta:setQuestion"", ""et"": ""fsa-practical"", ""ar"": ""State"", ""sn"": ""['numberOfStates']"", ""sv"": ""['?']""}"
66feee290281fd1ff4448b32-turn2,"Yes, there is a transition from q0 to q1 and is marked with 1.","{""da"": ""Ta:answer"", ""et"": ""fsa-practical"", ""ar"": ""Transition"", ""sn"": ""['transitions']"", ""sv"": ""[[('q0','q1','1')]]""}"
P-_bE79Vy1PQJqftQhKxblP_VtV-DNEF-turn15,What is an example of accepted string ,"{""da"": ""Ta:setQuestion"", ""et"": ""fsa-practical"", ""ar"": ""Language"", ""sn"": ""['input']"", ""sv"": ""['?']""}"
ijaiv0hGDVwkzukjPHEmUC6QtX9wfCHf-turn7,how many arcs there are ,"{""da"": ""Ta:setQuestion"", ""et"": ""fsa-practical"", ""ar"": ""Transition"", ""sn"": ""['numberOfTransitions']"", ""sv"": ""['?']""}"
0SyWdd-YbWP90wUhHSiSYaBDArgtJvUi-turn1,what is an automaton ,"{""da"": ""Ta:setQuestion"", ""et"": ""fsa-theoretical"", ""ar"": ""Automata"", ""sn"": ""[]"", ""sv"": ""[]""}"
0MgCjt8WVTxN4Thm2f0TbS_vigxpGyhI-turn14,There are a total of 3 arcs. Try asking me if there is a particular pattern among them.,"{""da"": ""Ta:answer; Ta:suggest"", ""et"": ""fsa-practical"", ""ar"": ""Transition"", ""sn"": ""['numberOfTransitions']"", ""sv"": ""['3']""}"
g4GdzpVwjD3_X-gmkM5UQstbFQKJqh4d-turn3,something ,"{""da"": ""TuM:turnAccept"", ""et"": ""Nan"", ""ar"": ""Nan"", ""sn"": ""[]"", ""sv"": ""[]""}"
k1xVMO4RTaL82fwPSwYj5iaHpyEYTMcz-turn9,can you describe the automaton ,"{""da"": ""Ta:request"", ""et"": ""fsa-practical"", ""ar"": ""Automata"", ""sn"": ""[]"", ""sv"": ""[]""}"
k1xVMO4RTaL82fwPSwYj5iaHpyEYTMcz-turn21,if the input is 110 which is the result ,"{""da"": ""Ta:setQuestion"", ""et"": ""fsa-practical"", ""ar"": ""Language"", ""sn"": ""['input']"", ""sv"": ""['11100']""}"
uX-G8wJ5wSxmtNvsKkQg61kTOFczKm8b-turn9,which arc from q2,"{""da"": ""Ta:setQuestion"", ""et"": ""fsa-practical"", ""ar"": ""Transition"", ""sn"": ""['transitions']"", ""sv"": ""[[('q2','?','?')]]""}"
w05LD7si_oM5jBhxC-dUqFBsx77pOFB2-turn11,how much does the representation takes ,"{""da"": ""Ta:setQuestion"", ""et"": ""fsa-practical"", ""ar"": ""Automata"", ""sn"": ""[]"", ""sv"": ""[]""}"
66d8a1559880ff2cbea5b452-turn1,are there any loops in the automaton,"{""da"": ""Ta:setQuestion"", ""et"": ""fsa-practical"", ""ar"": ""Pattern"", ""sn"": ""['patternType']"", ""sv"": ""['?']""}"
CW4txSkffsEwrT2wLOzWbeScRrQESVBu-turn36,"Yes, there is a transition from q2 to q3 and is marked with 1.","{""da"": ""Ta:answer"", ""et"": ""fsa-practical"", ""ar"": ""Transition"", ""sn"": ""['transitions']"", ""sv"": ""[[('q2','q3','1')]]""}"
uW3QEQnfk56NRlWclbyBzNkqsp20ChY1-turn13,what are all the transictions ,"{""da"": ""Ta:setQuestion"", ""et"": ""fsa-practical"", ""ar"": ""Transition"", ""sn"": ""['transitions']"", ""sv"": ""['?']""}"
ShIe4j-y-ekoRj_Xvt7r2MkyrvfyFPK6-turn29,final states,"{""da"": ""Ta:request"", ""et"": ""fsa-practical"", ""ar"": ""State"", ""sn"": ""['finalStates']"", ""sv"": ""['?']""}"
66dc0c50c1145f84a63b5026-turn1,Explain the difference between deterministic and non deterministic finite automata,"{""da"": ""Ta:request"", ""et"": ""fsa-theoretical"", ""ar"": ""Automata"", ""sn"": ""['automataType']"", ""sv"": ""['?']""}"
q9Tw8Mb_nRwbwBOy-cnCELz2dVncJh-T-turn23,What is the output ,"{""da"": ""Ta:setQuestion"", ""et"": ""fsa-theoretical"", ""ar"": ""Language"", ""sn"": ""['output']"", ""sv"": ""['?']""}"
66c994cdd9a23f4774b60831-turn2,"There is only one arc starting from each state. The first three in clockwise      direction are marked with 1, the remaining two with 0.","{""da"": ""Ta:answer"", ""et"": ""fsa-practical"", ""ar"": ""Pattern"", ""sn"": ""['patternType']"", ""sv"": ""['clockwise']""}"
CW4txSkffsEwrT2wLOzWbeScRrQESVBu-turn3,transition diagram,"{""da"": ""Ta:request"", ""et"": ""fsa-practical"", ""ar"": ""Transition"", ""sn"": ""[]"", ""sv"": ""[]""}"
orFerWOnOwCvmZ_TPcCy_3bOiH4Pl7xf-turn7,What transitions does the automaton have ,"{""da"": ""Ta:setQuestion"", ""et"": ""fsa-practical"", ""ar"": ""Transition"", ""sn"": ""['transitions']"", ""sv"": ""['?']""}"
66c9935bd9a23f4774b60819-turn2,"It is an automaton which accepts zero or more words in a binary alphabet formed by a      sequence of a triple of 1s followed by a pair of 0s. There are a total of 5 states: q0, q1,      q2, q3, and q4. q0 is both initial and end state.      From each state 1 arc starts: from q0 the arc points to q1 and is marked with 1.      From q1 it points to q2 and is marked with 1.      From q2 it points to q3 and is marked with 1.      From q3 points to q4 and is marked with 0.      Finally, from q4 points to q0 and is marked again with 0.","{""da"": ""Ta:answer"", ""et"": ""fsa-practical"", ""ar"": ""Automata"", ""sn"": ""['alphabet','input','numberOfStates','states','initialState','finalStates','transitions']"", ""sv"": ""[['0','1'],'11100','5',['q0','q1','q2','q3','q4'],'q0',['q0'],[('q0','q1','1'),('q1','q2','1'),('q2','q3','1'),('q3','q4','0'),('q4','q0','0')]]""}"
"""meno""pu7A-turn13",How many states are there ,"{""da"": ""Ta:setQuestion"", ""et"": ""fsa-practical"", ""ar"": ""State"", ""sn"": ""['numberOfStates']"", ""sv"": ""['?']""}"
66fef25780136d0844fa0e03-turn1,how many arcs start from q0 to q1,"{""da"": ""Ta:setQuestion"", ""et"": ""fsa-practical"", ""ar"": ""Transition"", ""sn"": ""['transitions']"", ""sv"": ""[[('q0','q1','?')]]""}"
sveUGr-bCBUSZI2QFJORfflTpgefFbKW-turn4,"I dont' know. Try asking something like, ""What is the accepted language?"" ","{""da"": ""AutoF:autoNegative; DS:suggest"", ""et"": ""Nan"", ""ar"": ""Nan"", ""sn"": ""[]"", ""sv"": ""[]""}"
ShIe4j-y-ekoRj_Xvt7r2MkyrvfyFPK6-turn25,how is represented,"{""da"": ""Ta:setQuestion"", ""et"": ""fsa-practical"", ""ar"": ""Automata"", ""sn"": ""['graphicRepresentation']"", ""sv"": ""['?']""}"
gQZalALP9AxsFfEPC9Lm_JhIimMxTW_j-turn25,Is there an arc from q3 ,"{""da"": ""Ta:propositionalQuestion"", ""et"": ""fsa-practical"", ""ar"": ""Transition"", ""sn"": ""['transitions']"", ""sv"": ""[[('q3','?','?')]]""}"
ByLC2-turn12,"There are a total of 3 states. q0, q1, and q2. q0 is both initial and final state. ","{""da"": ""Ta:answer"", ""et"": ""fsa-practical"", ""ar"": ""State"", ""sn"": ""['numberOfStates','states','initialState','finalStates']"", ""sv"": ""['3',['q0','q1','q2'],'q0',['q0']]""}"
CWD3TAUfqC2fw24zkli39Cl4vktFJSb3-turn9,Is there an arc between q1 and q2 ,"{""da"": ""Ta:propositionalQuestion"", ""et"": ""fsa-practical"", ""ar"": ""Transition"", ""sn"": ""['transitions']"", ""sv"": ""[[('q1','q2','?')]]""}"
66c999c1d9a23f4774b60873-turn1,is 2 accepted as input,"{""da"": ""Ta:propositionalQuestion"", ""et"": ""fsa-practical"", ""ar"": ""Language"", ""sn"": ""['input']"", ""sv"": ""['2']""}"
P-_bE79Vy1PQJqftQhKxblP_VtV-DNEF-turn5,Can I use 5 states in an automaton ,"{""da"": ""Ta:propositionalQuestion"", ""et"": ""fsa-theoretical"", ""ar"": ""State"", ""sn"": ""['numberOfStates']"", ""sv"": ""['5']""}"
ctyHWUgv9B_kHA6DNcrgMxadmJZJ1sHa-turn14,"Yes, there is only one arc starting from each state. The first 2 in anti-clockwise direction are marked by 1, the remaining by 0. ","{""da"": ""Ta:answer"", ""et"": ""fsa-practical"", ""ar"": ""Pattern"", ""sn"": ""['patternType']"", ""sv"": ""['anti-clockwise']""}"
"""meno""pu7A-turn1",Briefly describe the automaton ,"{""da"": ""Ta:request"", ""et"": ""fsa-practical"", ""ar"": ""Automata"", ""sn"": ""[]"", ""sv"": ""[]""}"
rHgyaZS8T8cuQ0u39AHqQBs_vaj5ePIu-turn9,Describe the automaton ,"{""da"": ""Ta:request"", ""et"": ""fsa-practical"", ""ar"": ""Automata"", ""sn"": ""[]"", ""sv"": ""[]""}"
P-_bE79Vy1PQJqftQhKxblP_VtV-DNEF-turn25,Which transitions start from q2 ,"{""da"": ""Ta:setQuestion"", ""et"": ""fsa-practical"", ""ar"": ""Transition"", ""sn"": ""['transitions']"", ""sv"": ""[[('q2','?','?')]]""}"
ijaiv0hGDVwkzukjPHEmUC6QtX9wfCHf-turn21,is q0 a final state ,"{""da"": ""Ta:propositionalQuestion"", ""et"": ""fsa-practical"", ""ar"": ""State"", ""sn"": ""['finalStates']"", ""sv"": ""[['q0']]""}"
66d89f8e9880ff2cbea5b43c-turn1,given the deterministc nature of the automation why there is no a transition when I am in q1 and the automation read 0,"{""da"": ""Ta:checkQuestion"", ""et"": ""fsa-practical"", ""ar"": ""Transition"", ""sn"": ""['transitions']"", ""sv"": ""[[('q1','?','0')]]""}"
66dc13956e6c775609003afb-turn2,"Hi. I'm the chatbot NoVAGraphS. I'm programmed to answer questions to describe      graphical structures, and in particular, automata. Ask me to describe you in general Automaton      1 or a more specific question about it.","{""da"": ""SOM:returnGreeting"", ""et"": ""Nan"", ""ar"": ""Nan"", ""sn"": ""[]"", ""sv"": ""[]""}"
w05LD7si_oM5jBhxC-dUqFBsx77pOFB2-turn5,is there a particulare pattern among automata arcs ,"{""da"": ""Ta:propositionalQuestion"", ""et"": ""fsa-practical"", ""ar"": ""Pattern"", ""sn"": ""['patternType']"", ""sv"": ""['?']""}"
V3HOB-turn21,How many transitions are there ,"{""da"": ""Ta:setQuestion"", ""et"": ""fsa-practical"", ""ar"": ""Transition"", ""sn"": ""['numberOfTransitions']"", ""sv"": ""['?']""}"
"""meno""pu7A-turn21",Is there an arc from q0 to q2 q3 or q4 ,"{""da"": ""Ta:propositionalQuestion"", ""et"": ""fsa-practical"", ""ar"": ""Transition"", ""sn"": ""['transitions']"", ""sv"": ""[[('q0','q2','?'),('q0','q3','?'),('q0','q4','?')]]""}"
ByLC2-turn9,Show me the automaton ,"{""da"": ""Ta:request"", ""et"": ""fsa-practical"", ""ar"": ""Automata"", ""sn"": ""[]"", ""sv"": ""[]""}"
66c99622d9a23f4774b6083d-turn2,"I'm not sure about your question. Try asking about states or transitions. Or          you can ask me to briefly describe you the automaton, for example.","{""da"": ""AutoF:autoNegative; DS:suggest"", ""et"": ""Nan"", ""ar"": ""Nan"", ""sn"": ""[]"", ""sv"": ""[]""}"
CW4txSkffsEwrT2wLOzWbeScRrQESVBu-turn29,does the automaton accept other languages,"{""da"": ""Ta:propositionalQuestion"", ""et"": ""fsa-practical"", ""ar"": ""Language"", ""sn"": ""[]"", ""sv"": ""[]""}"
66c99834d9a23f4774b6085b-turn1,what is a word in the language accepted,"{""da"": ""Ta:setQuestion"", ""et"": ""fsa-practical"", ""ar"": ""Alphabet"", ""sn"": ""['alphabet']"", ""sv"": ""['?']""}"
71DvREY3rPDW1C0uzelsV6yXdSNexElS-turn3,maximum number of states in an automaton ,"{""da"": ""Ta:request"", ""et"": ""fsa-theoretical"", ""ar"": ""State"", ""sn"": ""['numberOfStates']"", ""sv"": ""['?']""}"
"""meno""pu7A-turn10",q0 is both the initial and final state. ,"{""da"": ""Ta:answer"", ""et"": ""fsa-practical"", ""ar"": ""State"", ""sn"": ""['initialState','finalStates']"", ""sv"": ""['q0',['q0']]""}"
66dde16ba69c9e02a05c3d5b-turn1,How many states are in this automaton,"{""da"": ""Ta:setQuestion"", ""et"": ""fsa-practical"", ""ar"": ""State"", ""sn"": ""['numberOfStates']"", ""sv"": ""['?']""}"
66c99b7cd9a23f4774b60885-turn1,thank for helping me,"{""da"": ""SOM:thanking"", ""et"": ""Nan"", ""ar"": ""Nan"", ""sn"": ""[]"", ""sv"": ""[]""}"
0SyWdd-YbWP90wUhHSiSYaBDArgtJvUi-turn19,is there an arc from q2 to q1 ,"{""da"": ""Ta:propositionalQuestion"", ""et"": ""fsa-practical"", ""ar"": ""Transition"", ""sn"": ""['transitions']"", ""sv"": ""[[('q2','q1','?')]]""}"
ShIe4j-y-ekoRj_Xvt7r2MkyrvfyFPK6-turn24,"Yes, there is a transtion from q0 to q2 and is marked with 1.","{""da"": ""Ta:answer"", ""et"": ""fsa-practical"", ""ar"": ""Transition"", ""sn"": ""['transitions']"", ""sv"": ""[[('q0','q2','1')]]""}"
CW4txSkffsEwrT2wLOzWbeScRrQESVBu-turn41,q4 to q0,"{""da"": ""Ta:request"", ""et"": ""fsa-practical"", ""ar"": ""Transition"", ""sn"": ""['transitions']"", ""sv"": ""[[('q4','q0','?')]]""}"
0MgCjt8WVTxN4Thm2f0TbS_vigxpGyhI-turn10,From q1 there is only one transition to q0 marked with 0.,"{""da"": ""Ta:answer"", ""et"": ""fsa-practical"", ""ar"": ""Transition"", ""sn"": ""['transitions']"", ""sv"": ""[[('q1','q0','0')]]""}"
66dc0cfec1145f84a63b502c-turn1,Define the concept of an accepting state in finite automata,"{""da"": ""Ta:request"", ""et"": ""fsa-theoretical"", ""ar"": ""State"", ""sn"": ""['finalStates']"", ""sv"": ""['?']""}"
ctyHWUgv9B_kHA6DNcrgMxadmJZJ1sHa-turn5,There is a transition between q2 and q0 ,"{""da"": ""Ta:propositionalQuestion"", ""et"": ""fsa-practical"", ""ar"": ""Transition"", ""sn"": ""['transitions']"", ""sv"": ""[[('q2','q1','?')]]""}"
0MgCjt8WVTxN4Thm2f0TbS_vigxpGyhI-turn12,"Yes, there is only one arc starting from each state. The first 2 in anti-clockwise direction are marked by 1, the remaining by 0.","{""da"": ""Ta:answer"", ""et"": ""fsa-practical"", ""ar"": ""Pattern"", ""sn"": ""['patternType']"", ""sv"": ""['anti-clockwise']""}"
66feeb350281fd1ff4448ad8-turn1,what are the transitions between these states,"{""da"": ""Ta:setQuestion"", ""et"": ""fsa-practical"", ""ar"": ""Transition"", ""sn"": ""['transitions']"", ""sv"": ""['?']""}"
q9Tw8Mb_nRwbwBOy-cnCELz2dVncJh-T-turn7,Please describe the automaton ,"{""da"": ""Ta:request"", ""et"": ""fsa-practical"", ""ar"": ""Automata"", ""sn"": ""[]"", ""sv"": ""[]""}"
w05LD7si_oM5jBhxC-dUqFBsx77pOFB2-turn17,can you briefly describe the automata ,"{""da"": ""Ta:request"", ""et"": ""fsa-practical"", ""ar"": ""Automata"", ""sn"": ""[]"", ""sv"": ""[]""}"
66dc16509ddcb359f401a618-turn1,What is the starting state of the automaton,"{""da"": ""Ta:setQuestion"", ""et"": ""fsa-practical"", ""ar"": ""State"", ""sn"": ""['initialState']"", ""sv"": ""['?']""}"
FaSMl3Iu-Kr6owi4byJ2me2wFzk-c7oM-turn1,Vorrei una descrizione di Automa1 ,"{""da"": ""Ta:request"", ""et"": ""fsa-practical"", ""ar"": ""Automata"", ""sn"": ""[]"", ""sv"": ""[]""}"
66dc1282c1145f84a63b5064-turn1,What happens if the input string is shorter than three 1s followed by two 0s,"{""da"": ""Ta:setQuestion"", ""et"": ""fsa-practical"", ""ar"": ""Automata"", ""sn"": ""['input']"", ""sv"": ""['not 11100']""}"
P-_bE79Vy1PQJqftQhKxblP_VtV-DNEF-turn26,From q2 there is only one transition to q1 marked with 1. ,"{""da"": ""Ta:answer"", ""et"": ""fsa-practical"", ""ar"": ""Transition"", ""sn"": ""['transitions']"", ""sv"": ""[[('q2','q1','1')]]""}"
q9Tw8Mb_nRwbwBOy-cnCELz2dVncJh-T-turn1,How many nodes are there ,"{""da"": ""Ta:setQuestion"", ""et"": ""fsa-practical"", ""ar"": ""State"", ""sn"": ""['numberOfStates']"", ""sv"": ""['?']""}"
AIzOyq5ExGrZ23ca0dNIWCK5C2HD3cCA-turn12,"There is only one arc starting from each state. The first three in clockwise direction are marked with 1, the remaining two with 0.","{""da"": ""Ta:answer"", ""et"": ""fsa-practical"", ""ar"": ""Pattern"", ""sn"": ""['patternType']"", ""sv"": ""['clockwise']""}"
FaSMl3Iu-Kr6owi4byJ2me2wFzk-c7oM-turn7,Describe automa ,"{""da"": ""Ta:request"", ""et"": ""fsa-practical"", ""ar"": ""Automata"", ""sn"": ""[]"", ""sv"": ""[]""}"
"""meno""pu7A-turn31",What is the purpose of the automaton ,"{""da"": ""Ta:setQuestion"", ""et"": ""fsa-theoretical"", ""ar"": ""Automata"", ""sn"": ""[]"", ""sv"": ""[]""}"
"""meno""pu7A-turn17",Is there an arc from q0 to q1 ,"{""da"": ""Ta:propositionalQuestion"", ""et"": ""fsa-practical"", ""ar"": ""Transition"", ""sn"": ""['transitions']"", ""sv"": ""[[('q0','q1','?')]]""}"
rHgyaZS8T8cuQ0u39AHqQBs_vaj5ePIu-turn13,is it possible repetitive pattern in the transactions ,"{""da"": ""Ta:propositionalQuestion"", ""et"": ""fsa-practical"", ""ar"": ""Pattern"", ""sn"": ""['patternType']"", ""sv"": ""['?']""}"
ShIe4j-y-ekoRj_Xvt7r2MkyrvfyFPK6-turn2,"I'm not sure about your question. Try asking about states or transitions. Or you can ask me to briefly describe you the automaton, for example.","{""da"": ""AutoF:autoNegative; DS:suggest"", ""et"": ""Nan"", ""ar"": ""Nan"", ""sn"": ""[]"", ""sv"": ""[]""}"
bq9WYgxCi_ATitsSgtUQUUqZSE2kbkAz-turn23,what are the patterns ,"{""da"": ""Ta:setQuestion"", ""et"": ""fsa-practical"", ""ar"": ""Pattern"", ""sn"": ""['patternType']"", ""sv"": ""['?']""}"
0SyWdd-YbWP90wUhHSiSYaBDArgtJvUi-turn5,Breifly describe me the automaton ,"{""da"": ""Ta:request"", ""et"": ""fsa-practical"", ""ar"": ""Automata"", ""sn"": ""[]"", ""sv"": ""[]""}"
66fee9fb0281fd1ff4448ac4-turn1,what i can ask you,"{""da"": ""Ta:setQuestion"", ""et"": ""Nan"", ""ar"": ""Nan"", ""sn"": ""[]"", ""sv"": ""[]""}"
rHgyaZS8T8cuQ0u39AHqQBs_vaj5ePIu-turn8,"I dont' know. Try asking something like, ""Describe the automaton."" ","{""da"": ""AutoF:autoNegative; DS:suggest"", ""et"": ""Nan"", ""ar"": ""Nan"", ""sn"": ""[]"", ""sv"": ""[]""}"
66dc0ddec1145f84a63b5032-turn1,Can a finite automaton recognize non-regular languages,"{""da"": ""Ta:propositionalQuestion"", ""et"": ""fsa-theoretical"", ""ar"": ""Language"", ""sn"": ""['automataType','languageType']"", ""sv"": ""['deterministic','non-regular']""}"
hIbhGTnnFCuBbgJSGj1EmY944k9a71iY-turn12,"This automaton has three transitions. The first one starts atq0, being it the initial and final state. From q0 and q2 there is a transition marked as 1. From q2 to q1 there is another transition marked as 1. Finally from q1 to q0 there is atransition marked as 0. ","{""da"": ""Ta:answer"", ""et"": ""fsa-practical"", ""ar"": ""Transition"", ""sn"": ""['numberOfTransitions','initialState','finalStates','transitions']"", ""sv"": ""['3','q0',['q0'],[('q0','q2','1'),('q2','q1','1'),('q1','q0','0')]]""}"
0MgCjt8WVTxN4Thm2f0TbS_vigxpGyhI-turn17,loops,"{""da"": ""Ta:request"", ""et"": ""fsa-practical"", ""ar"": ""Pattern"", ""sn"": ""['patternType']"", ""sv"": ""['?']""}"
66c99496d9a23f4774b6082b-turn1,how many arcs are there,"{""da"": ""Ta:setQuestion"", ""et"": ""fsa-practical"", ""ar"": ""Transition"", ""sn"": ""['numberOfTransitions']"", ""sv"": ""['?']""}"
AIzOyq5ExGrZ23ca0dNIWCK5C2HD3cCA-turn1,Tell me a little bit about the automaton ,"{""da"": ""Ta:request"", ""et"": ""fsa-practical"", ""ar"": ""Automata"", ""sn"": ""[]"", ""sv"": ""[]""}"
P-_bE79Vy1PQJqftQhKxblP_VtV-DNEF-turn11,How is an automaton defined ,"{""da"": ""Ta:setQuestion"", ""et"": ""fsa-theoretical"", ""ar"": ""Automata"", ""sn"": ""[]"", ""sv"": ""[]""}"
66dc15469ddcb359f401a60c-turn1,How many states are in automaton,"{""da"": ""Ta:setQuestion"", ""et"": ""fsa-practical"", ""ar"": ""State"", ""sn"": ""['numberOfStates']"", ""sv"": ""['?']""}"
ijaiv0hGDVwkzukjPHEmUC6QtX9wfCHf-turn11,are there arcs between q2 and q0 ,"{""da"": ""Ta:propositionalQuestion"", ""et"": ""fsa-practical"", ""ar"": ""Transition"", ""sn"": ""['transitions']"", ""sv"": ""[[('q2','q1','?'),('q1','q2','?')]]""}"
"""meno""pu7A-turn33",What happens when a 0 comes to state q1 ,"{""da"": ""Ta:setQuestion"", ""et"": ""fsa-practical"", ""ar"": ""Transition"", ""sn"": ""['transitions']"", ""sv"": ""[[('?','q1','0'),('q1','?','?')]]""}"
ijaiv0hGDVwkzukjPHEmUC6QtX9wfCHf-turn5,how many states are there ,"{""da"": ""Ta:setQuestion"", ""et"": ""fsa-practical"", ""ar"": ""State"", ""sn"": ""['numberOfStates']"", ""sv"": ""['?']""}"
uW3QEQnfk56NRlWclbyBzNkqsp20ChY1-turn15,Please describe the transitions ,"{""da"": ""OCM:selfCorrection"", ""et"": ""fsa-practical"", ""ar"": ""Transition"", ""sn"": ""['transitions']"", ""sv"": ""['?']""}"
66fefa279021ec0b460c699a-turn1,Tell me a little bit about the automaton,"{""da"": ""Ta:request"", ""et"": ""fsa-practical"", ""ar"": ""Automata"", ""sn"": ""[]"", ""sv"": ""[]""}"
ctyHWUgv9B_kHA6DNcrgMxadmJZJ1sHa-turn9,Describe it please ,"{""da"": ""Ta:request"", ""et"": ""Nan"", ""ar"": ""Nan"", ""sn"": ""[]"", ""sv"": ""[]""}"
bq9WYgxCi_ATitsSgtUQUUqZSE2kbkAz-turn21,what are the patterns,"{""da"": ""Ta:setQuestion"", ""et"": ""fsa-practical"", ""ar"": ""Pattern"", ""sn"": ""['patternType']"", ""sv"": ""['?']""}"
66fef30780136d0844fa0e21-turn1,is q0 the last state,"{""da"": ""Ta:propositionalQuestion"", ""et"": ""fsa-practical"", ""ar"": ""State"", ""sn"": ""['finalStates']"", ""sv"": ""[['q0']]""}"
sveUGr-bCBUSZI2QFJORfflTpgefFbKW-turn3,how are your states linked together ,"{""da"": ""Ta:setQuestion"", ""et"": ""fsa-practical"", ""ar"": ""Transition"", ""sn"": ""['transitions']"", ""sv"": ""['?']""}"
Em5Mj8ykVSTl8U4QKIZ_n7L1bF8H1kL1-turn3,arcs between q4 and q0,"{""da"": ""Ta:request"", ""et"": ""fsa-practical"", ""ar"": ""Transition"", ""sn"": ""['transitions']"", ""sv"": ""[[('q4','q0','?')]]""}"
ctyHWUgv9B_kHA6DNcrgMxadmJZJ1sHa-turn16,"I don't know, try just asking something like, ""How many states are there?"" ","{""da"": ""AutoF:autoNegative; DS:suggest"", ""et"": ""Nan"", ""ar"": ""Nan"", ""sn"": ""[]"", ""sv"": ""[]""}"
K2TB8bOVY1WHuazVxCQEhM789Y6lGaHw-turn17,If q2 were the final state the language accepted by the automaton is the same ,"{""da"": ""Ta:propositionalQuestion"", ""et"": ""fsa-practical"", ""ar"": ""State"", ""sn"": ""['finalStates']"", ""sv"": ""[['q2']]""}"
"""meno""pu7A-turn9",Which is the initial state ,"{""da"": ""Ta:setQuestion"", ""et"": ""fsa-practical"", ""ar"": ""State"", ""sn"": ""['initialState']"", ""sv"": ""['?']""}"
66c99496d9a23f4774b6082b-turn2,There are a total of 5 arcs. Try asking me if there is a particular pattern among      them.,"{""da"": ""Ta:answer; DS:suggest"", ""et"": ""fsa-practical"", ""ar"": ""Transition"", ""sn"": ""['numberOfTransitions']"", ""sv"": ""['5']""}"
66fef2aa80136d0844fa0e0d-turn2,"No, there is not a state called like this. The only states are q0, q1, q2, q3, and q4.","{""da"": ""Ta:answer"", ""et"": ""fsa-practical"", ""ar"": ""State"", ""sn"": ""['states']"", ""sv"": ""[['q0','q1','q2','q3','q4']]""}"
66d8a2d910bc5a5425187374-turn1,can you explain me what is a final state of a DFA?,"{""da"": ""Ta:request"", ""et"": ""fsa-theoretical"", ""ar"": ""State"", ""sn"": ""['automataType', 'finalStates']"", ""sv"": ""['deterministic', '?']""}"
FaSMl3Iu-Kr6owi4byJ2me2wFzk-c7oM-turn9,How many regions are there in Italy ,"{""da"": ""Ta:setQuestion"", ""et"": ""Nan"", ""ar"": ""Nan"", ""sn"": ""[]"", ""sv"": ""[]""}"
ShIe4j-y-ekoRj_Xvt7r2MkyrvfyFPK6-turn21,describe the transitions,"{""da"": ""Ta:request"", ""et"": ""fsa-practical"", ""ar"": ""Transition"", ""sn"": ""['transitions']"", ""sv"": ""['?']""}"
66dc1d3d9ddcb359f401a648-turn1,bye,"{""da"": ""SOM:initGoodbye"", ""et"": ""Nan"", ""ar"": ""Nan"", ""sn"": ""[]"", ""sv"": ""[]""}"
66dc1c119ddcb359f401a636-turn1,How many transitions are there in the automaton,"{""da"": ""Ta:setQuestion"", ""et"": ""fsa-practical"", ""ar"": ""Transition"", ""sn"": ""['numberOfTransitions']"", ""sv"": ""['?']""}"
CW4txSkffsEwrT2wLOzWbeScRrQESVBu-turn8,There are a total of 5 arcs. Try asking me if there is a particular pattern among   them.,"{""da"": ""Ta:answer"", ""et"": ""fsa-practical"", ""ar"": ""Transition"", ""sn"": ""['numberOfTransitions']"", ""sv"": ""['5']""}"
ByLC2-turn1,Which are the principal pros ,"{""da"": ""Ta:setQuestion"", ""et"": ""Nan"", ""ar"": ""Nan"", ""sn"": ""[]"", ""sv"": ""[]""}"
0SyWdd-YbWP90wUhHSiSYaBDArgtJvUi-turn21,how many states there are ,"{""da"": ""Ta:setQuestion"", ""et"": ""fsa-practical"", ""ar"": ""State"", ""sn"": ""['numberOfStates']"", ""sv"": ""['?']""}"
0SyWdd-YbWP90wUhHSiSYaBDArgtJvUi-turn29,how is the automaton represented ,"{""da"": ""Ta:setQuestion"", ""et"": ""fsa-practical"", ""ar"": ""Automata"", ""sn"": ""['graphicRepresentation']"", ""sv"": ""['?']""}"
AIzOyq5ExGrZ23ca0dNIWCK5C2HD3cCA-turn16,The language accepted by this automaton is made of zero or more words formed by a sequence of a triple of 1s followed by a pair of 0s.,"{""da"": ""Ta:answer"", ""et"": ""fsa-practical"", ""ar"": ""Language"", ""sn"": ""['alphabet','input']"", ""sv"": ""[['0','1'],'11100']""}"
66feee030281fd1ff4448b28-turn1,is q0 the final node,"{""da"": ""Ta:propositionalQuestion"", ""et"": ""fsa-practical"", ""ar"": ""State"", ""sn"": ""['finalStates']"", ""sv"": ""[['q0']]""}"
0MgCjt8WVTxN4Thm2f0TbS_vigxpGyhI-turn7, arc from q2,"{""da"": ""Ta:request"", ""et"": ""fsa-practical"", ""ar"": ""Transition"", ""sn"": ""['transitions']"", ""sv"": ""[[('q2','?','?')]]""}"
66feff159021ec0b460c6a1c-turn1,what is the output,"{""da"": ""Ta:setQuestion"", ""et"": ""fsa-practical"", ""ar"": ""Automata"", ""sn"": ""['output']"", ""sv"": ""['?']""}"
66feee290281fd1ff4448b32-turn1,is there a transition from q0 to q1,"{""da"": ""Ta:propositionalQuestion"", ""et"": ""fsa-practical"", ""ar"": ""Transition"", ""sn"": ""['transitions']"", ""sv"": ""[[('q0','q1','?')]]""}"
Em5Mj8ykVSTl8U4QKIZ_n7L1bF8H1kL1-turn11,which is initial state,"{""da"": ""Ta:setQuestion"", ""et"": ""fsa-practical"", ""ar"": ""State"", ""sn"": ""['initialState']"", ""sv"": ""['?']""}"
CW4txSkffsEwrT2wLOzWbeScRrQESVBu-turn28,The language accepted by this automaton is made of zero or more words formed by a   sequence of a triple of 1s followed by a pair of 0s.,"{""da"": ""Ta:answer"", ""et"": ""fsa-practical"", ""ar"": ""Language"", ""sn"": ""['alphabet','input']"", ""sv"": ""[['0','1'],'11100']""}"
ShIe4j-y-ekoRj_Xvt7r2MkyrvfyFPK6-turn5,which are the states and the transitions ,"{""da"": ""Ta:setQuestion"", ""et"": ""fsa-practical"", ""ar"": ""Transition"", ""sn"": ""['transitions','states']"", ""sv"": ""['?','?']""}"
0SyWdd-YbWP90wUhHSiSYaBDArgtJvUi-turn7,what is the initial state of the automaton ,"{""da"": ""Ta:setQuestion"", ""et"": ""fsa-practical"", ""ar"": ""State"", ""sn"": ""['initialState']"", ""sv"": ""['?']""}"
P-_bE79Vy1PQJqftQhKxblP_VtV-DNEF-turn9,How can I define an automaton ,"{""da"": ""Ta:setQuestion"", ""et"": ""fsa-theoretical"", ""ar"": ""Automata"", ""sn"": ""[]"", ""sv"": ""[]""}"
"""meno""pu7A-turn12","I dont' know. Try just asking something like, ""How many states are there?"" ","{""da"": ""AutoF:autoNegative; DS:suggest"", ""et"": ""Nan"", ""ar"": ""Nan"", ""sn"": ""[]"", ""sv"": ""[]""}"
FaSMl3Iu-Kr6owi4byJ2me2wFzk-c7oM-turn11,In which year we are ,"{""da"": ""Ta:setQuestion"", ""et"": ""Nan"", ""ar"": ""Nan"", ""sn"": ""[]"", ""sv"": ""[]""}"
66d89bb89880ff2cbea5b41e-turn1,what can i ask you,"{""da"": ""Ta:setQuestion"", ""et"": ""Nan"", ""ar"": ""Nan"", ""sn"": ""[]"", ""sv"": ""[]""}"
VMkBtJ-FIizHxrkxPyS3DniIMKBgDUwJ-turn1,briefly describe the automation ,"{""da"": ""Ta:request"", ""et"": ""fsa-practical"", ""ar"": ""Automata"", ""sn"": NaN, ""sv"": NaN}"
Em5Mj8ykVSTl8U4QKIZ_n7L1bF8H1kL1-turn21,label from q3 to q4,"{""da"": ""Ta:request"", ""et"": ""fsa-practical"", ""ar"": ""Transition"", ""sn"": ""['transitions']"", ""sv"": ""[[('q3','q4','?')]]""}"
0MgCjt8WVTxN4Thm2f0TbS_vigxpGyhI-turn15,pattern,"{""da"": ""Ta:request"", ""et"": ""fsa-practical"", ""ar"": ""Pattern"", ""sn"": ""['patternType']"", ""sv"": ""['?']""}"
q9Tw8Mb_nRwbwBOy-cnCELz2dVncJh-T-turn19,Can you describe the input and the output ,"{""da"": ""Ta:request"", ""et"": ""fsa-practical"", ""ar"": ""Language"", ""sn"": ""['input','output']"", ""sv"": ""['?','?']""}"
"""meno""pu7A-turn23",Which are the transitions from q1 ,"{""da"": ""Ta:setQuestion"", ""et"": ""fsa-practical"", ""ar"": ""Transition"", ""sn"": ""['transitions']"", ""sv"": ""[[('q1','?','?')]]""}"
66c997f9d9a23f4774b60855-turn1,describe me the language accepted,"{""da"": ""Ta:request"", ""et"": ""fsa-practical"", ""ar"": ""Language"", ""sn"": ""['input']"", ""sv"": ""['?']""}"
ctyHWUgv9B_kHA6DNcrgMxadmJZJ1sHa-turn2,"I don't know, try asking something like, ""What is the initial state?"" ","{""da"": ""AutoF:autoNegative; DS:suggest"", ""et"": ""Nan"", ""ar"": ""Nan"", ""sn"": ""[]"", ""sv"": ""[]""}"
66dde3c1a69c9e02a05c3d97-turn1,What kind of language is accepted by this automaton,"{""da"": ""Ta:setQuestion"", ""et"": ""fsa-practical"", ""ar"": ""Language"", ""sn"": ""['input']"", ""sv"": ""['?']""}"
66fefd2e9021ec0b460c69e0-turn1,What are the states connected to q1,"{""da"": ""Ta:setQuestion"", ""et"": ""fsa-practical"", ""ar"": ""State"", ""sn"": ""['transitions']"", ""sv"": ""[[('q1','?','?')]]""}"
"""meno""pu7A-turn19",What is the shape of the arcs ,"{""da"": ""Ta:setQuestion"", ""et"": ""fsa-practical"", ""ar"": ""Automata"", ""sn"": ""['graphicRepresentation']"", ""sv"": ""['?']""}"
66d8a69310bc5a542518738c-turn1,what is the final state,"{""da"": ""Ta:setQuestion"", ""et"": ""fsa-practical"", ""ar"": ""State"", ""sn"": ""['finalStates']"", ""sv"": ""['?']""}"
gQZalALP9AxsFfEPC9Lm_JhIimMxTW_j-turn15,Is there an arc from q4 to q0 ,"{""da"": ""Ta:propositionalQuestion"", ""et"": ""fsa-practical"", ""ar"": ""Transition"", ""sn"": ""['transitions']"", ""sv"": ""[[('q4','q0','?')]]""}"
0SyWdd-YbWP90wUhHSiSYaBDArgtJvUi-turn17,is there an arc from q0 to q1 ,"{""da"": ""Ta:propositionalQuestion"", ""et"": ""fsa-practical"", ""ar"": ""Transition"", ""sn"": ""['transitions']"", ""sv"": ""[[('q0','q1','?')]]""}"
rHgyaZS8T8cuQ0u39AHqQBs_vaj5ePIu-turn15,If q2 is the final state the language accepted by the automaton is the same ,"{""da"": ""Ta:propositionalQuestion"", ""et"": ""fsa-practical"", ""ar"": ""State"", ""sn"": ""['finalStates','alphabet']"", ""sv"": ""[['q2'],'?']""}"
66dc1050c1145f84a63b504c-turn1,What is the role of the state q4 in the behavior of automaton,"{""da"": ""Ta:setQuestion"", ""et"": ""fsa-practical"", ""ar"": ""State"", ""sn"": ""['states']"", ""sv"": ""[['q4']]""}"
0MgCjt8WVTxN4Thm2f0TbS_vigxpGyhI-turn20,"I dont' know. Try asking something like, ""Describe the automaton.""","{""da"": ""AutoF:autoNegative; DS:suggest"", ""et"": ""Nan"", ""ar"": ""Nan"", ""sn"": ""[]"", ""sv"": ""[]""}"
66dc0f39c1145f84a63b503e-turn1,What happens if the input sequence does not match the required pattern of three 1s followed by two 0s in this automaton,"{""da"": ""Ta:setQuestion"", ""et"": ""fsa-practical"", ""ar"": ""Language"", ""sn"": ""['input']"", ""sv"": ""['not 11100']""}"
66fef708aa9a9ff3615fab3d-turn1,how many transitions are there,"{""da"": ""Ta:setQuestion"", ""et"": ""fsa-practical"", ""ar"": ""Transition"", ""sn"": ""['numberOfTransitions']"", ""sv"": ""['?']""}"
uX-G8wJ5wSxmtNvsKkQg61kTOFczKm8b-turn3,what is the input,"{""da"": ""Ta:setQuestion"", ""et"": ""fsa-practical"", ""ar"": ""Language"", ""sn"": ""['input']"", ""sv"": ""['?']""}"
V3HOB-turn11,What transitions enter and exit q4 ,"{""da"": ""Ta:setQuestion"", ""et"": ""fsa-practical"", ""ar"": ""Transition"", ""sn"": ""['transitions']"", ""sv"": ""[[('?','q4','?'),('q4','?','?')]]""}"
CW4txSkffsEwrT2wLOzWbeScRrQESVBu-turn10,"I'm not sure about your question. Try asking about states or transitions. Or     you can ask me to briefly describe you the automaton, for example.","{""da"": ""AutoF:autoNegative; DS:suggest"", ""et"": ""Nan"", ""ar"": ""Nan"", ""sn"": ""[]"", ""sv"": ""[]""}"
66fef73baa9a9ff3615fab51-turn1,is it a deterministic automaton,"{""da"": ""Ta:propositionalQuestion"", ""et"": ""fsa-practical"", ""ar"": ""Automata"", ""sn"": ""['automataType']"", ""sv"": ""['deterministic']""}"
"""meno""pu7A-turn22",From q0 there is only one transition to q1 marked with 1. ,"{""da"": ""Ta:answer"", ""et"": ""fsa-practical"", ""ar"": ""Transition"", ""sn"": ""['transitions']"", ""sv"": ""[[('q0','q1','1')]]""}"
CW4txSkffsEwrT2wLOzWbeScRrQESVBu-turn19,nodes,"{""da"": ""Ta:request"", ""et"": ""fsa-practical"", ""ar"": ""State"", ""sn"": ""['states']"", ""sv"": ""['?']""}"
0MgCjt8WVTxN4Thm2f0TbS_vigxpGyhI-turn21,how many states,"{""da"": ""Ta:setQuestion"", ""et"": ""fsa-practical"", ""ar"": ""State"", ""sn"": ""['numberOfStates']"", ""sv"": ""['?']""}"
ByLC2-turn11,How many states are These ,"{""da"": ""Ta:setQuestion"", ""et"": ""fsa-practical"", ""ar"": ""State"", ""sn"": ""['numberOfStates']"", ""sv"": ""['?']""}"
ctyHWUgv9B_kHA6DNcrgMxadmJZJ1sHa-turn15,What is the alphabet ,"{""da"": ""Ta:setQuestion"", ""et"": ""fsa-practical"", ""ar"": ""Alphabet"", ""sn"": ""['alphabet']"", ""sv"": ""['?']""}"
Em5Mj8ykVSTl8U4QKIZ_n7L1bF8H1kL1-turn30,From q2 there is only one transition to q3 marked with 1.,"{""da"": ""Ta:answer"", ""et"": ""fsa-practical"", ""ar"": ""Transition"", ""sn"": ""['transitions']"", ""sv"": ""[[('q2','q3','1')]]""}"
V3HOB-turn5,What transitions enter and exit q0 ,"{""da"": ""Ta:setQuestion"", ""et"": ""fsa-practical"", ""ar"": ""Transition"", ""sn"": ""['transitions']"", ""sv"": ""[[('?','q0','?'),('q0','?','?')]]""}"
66c997d4d9a23f4774b6084f-turn1,describe me the alphabet,"{""da"": ""Ta:request"", ""et"": ""fsa-practical"", ""ar"": ""Alphabet"", ""sn"": ""['alphabet']"", ""sv"": ""['?']""}"
ShIe4j-y-ekoRj_Xvt7r2MkyrvfyFPK6-turn13,whar are the transitions ,"{""da"": ""Ta:setQuestion"", ""et"": ""fsa-practical"", ""ar"": ""Transition"", ""sn"": ""['transitions']"", ""sv"": ""['?']""}"
P-_bE79Vy1PQJqftQhKxblP_VtV-DNEF-turn19,Which transitions start from q0 ,"{""da"": ""Ta:setQuestion"", ""et"": ""fsa-practical"", ""ar"": ""Transition"", ""sn"": ""['transitions']"", ""sv"": ""[[('q0','?','?')]]""}"
bq9WYgxCi_ATitsSgtUQUUqZSE2kbkAz-turn25,patterns among arc,"{""da"": ""Ta:request"", ""et"": ""fsa-practical"", ""ar"": ""Pattern"", ""sn"": ""['patternType']"", ""sv"": ""['?']""}"
66ff00e09021ec0b460c6a44-turn1,is it an undefined automaton,"{""da"": ""Ta:propositionalQuestion"", ""et"": ""fsa-practical"", ""ar"": ""Automata"", ""sn"": ""['automataType']"", ""sv"": ""['nonDeterministic']""}"
ijaiv0hGDVwkzukjPHEmUC6QtX9wfCHf-turn1,briefly describe the automaton ,"{""da"": ""Ta:request"", ""et"": ""fsa-practical"", ""ar"": ""Automata"", ""sn"": ""[]"", ""sv"": ""[]""}"
Em5Mj8ykVSTl8U4QKIZ_n7L1bF8H1kL1-turn17, final states,"{""da"": ""Ta:request"", ""et"": ""fsa-practical"", ""ar"": ""State"", ""sn"": ""['finalStates']"", ""sv"": ""['?']""}"
66fefbbf9021ec0b460c69c2-turn1,start state,"{""da"": ""Ta:request"", ""et"": ""fsa-practical"", ""ar"": ""State"", ""sn"": ""['initialState']"", ""sv"": ""['?']""}"
bq9WYgxCi_ATitsSgtUQUUqZSE2kbkAz-turn7,what arcs are marked with 0 ,"{""da"": ""Ta:setQuestion"", ""et"": ""fsa-practical"", ""ar"": ""Transition"", ""sn"": ""['transitions']"", ""sv"": ""[[('?','?','0')]]""}"
ByLC2-turn13,Which one si the final state ,"{""da"": ""Ta:setQuestion"", ""et"": ""fsa-practical"", ""ar"": ""State"", ""sn"": ""['finalStates']"", ""sv"": ""['?']""}"
"""meno""pu7A-turn24",From q1 there is only one transition to q2 marked with 1. ,"{""da"": ""Ta:answer"", ""et"": ""fsa-practical"", ""ar"": ""Transition"", ""sn"": ""['transitions']"", ""sv"": ""[[('q1','q2','1')]]""}"
CW4txSkffsEwrT2wLOzWbeScRrQESVBu-turn51,is there any self loop,"{""da"": ""Ta:propositionalQuestion"", ""et"": ""fsa-practical"", ""ar"": ""Pattern"", ""sn"": ""['patternType']"", ""sv"": ""['?']""}"
"""meno""pu7A-turn20","I'm not sure about your question. Try asking about states or transitions. Or you can ask me to briefly describe you the automaton, for example. ","{""da"": ""AutoF:autoNegative; DS:suggest"", ""et"": ""Nan"", ""ar"": ""Nan"", ""sn"": ""[]"", ""sv"": ""[]""}"
66feede70281fd1ff4448b1e-turn1,is q3 the final node,"{""da"": ""Ta:propositionalQuestion"", ""et"": ""fsa-practical"", ""ar"": ""State"", ""sn"": ""['finalStates']"", ""sv"": ""[['q3']]""}"
P-_bE79Vy1PQJqftQhKxblP_VtV-DNEF-turn33,What could be a minimal spatial representation for this automaton ,"{""da"": ""Ta:setQuestion"", ""et"": ""fsa-practical"", ""ar"": ""Pattern"", ""sn"": ""['optimalSpatialRepresentation']"", ""sv"": ""['?']""}"
66dc1c739ddcb359f401a63c-turn1,Which state in the automaton has the most transitions,"{""da"": ""Ta:setQuestion"", ""et"": ""fsa-practical"", ""ar"": ""State"", ""sn"": ""['stateWithMostTransitions']"", ""sv"": ""['?']""}"
yCwNzGV8uxxphdOTs190n_9ES3NNVN2s-turn5,wat is the language recognised by the automaton ,"{""da"": ""Ta:setQuestion"", ""et"": ""fsa-practical"", ""ar"": ""Language"", ""sn"": ""['input']"", ""sv"": ""['?']""}"
66ff02809021ec0b460c6a6c-turn1,suggest me some question,"{""da"": ""Ta:request"", ""et"": ""Nan"", ""ar"": ""Nan"", ""sn"": ""[]"", ""sv"": ""[]""}"
66feeb350281fd1ff4448ad8-turn2,I'm sorry. I can only describe the automaton. Why don't you ask me to describe it?,"{""da"": ""AutoF:autoNegative; DS:suggest"", ""et"": ""Nan"", ""ar"": ""Nan"", ""sn"": ""[]"", ""sv"": ""[]""}"
yCwNzGV8uxxphdOTs190n_9ES3NNVN2s-turn1,describe me the automaton ,"{""da"": ""Ta:request"", ""et"": ""fsa-practical"", ""ar"": ""Automata"", ""sn"": ""[]"", ""sv"": ""[]""}"
66fef1be80136d0844fa0df9-turn1,briefly describe me the automaton,"{""da"": ""Ta:request"", ""et"": ""fsa-practical"", ""ar"": ""Automata"", ""sn"": ""[]"", ""sv"": ""[]""}"
P-_bE79Vy1PQJqftQhKxblP_VtV-DNEF-turn24,From q1 there is only one transition to q0 marked with 0. ,"{""da"": ""Ta:answer"", ""et"": ""fsa-practical"", ""ar"": ""Transition"", ""sn"": ""['transitions']"", ""sv"": ""[[('q1','q0','0')]]""}"
"""meno""pu7A-turn28",From q3 there is only one transition to q4 marked with 0. ,"{""da"": ""Ta:answer"", ""et"": ""fsa-practical"", ""ar"": ""Transition"", ""sn"": ""['transitions']"", ""sv"": ""[[('q3','q4','0')]]""}"
66fef14180136d0844fa0def-turn1,what are the name of states,"{""da"": ""Ta:setQuestion"", ""et"": ""fsa-practical"", ""ar"": ""State"", ""sn"": ""['states']"", ""sv"": ""['?']""}"
"""meno""pu7A-turn18","Yes, there is a transition from q0 to q1 and is marked with 1. ","{""da"": ""Ta:answer"", ""et"": ""fsa-practical"", ""ar"": ""Transition"", ""sn"": ""['transitions']"", ""sv"": ""[[('q0','q1','1')]]""}"
CW4txSkffsEwrT2wLOzWbeScRrQESVBu-turn17,the nodes,"{""da"": ""Ta:request"", ""et"": ""fsa-practical"", ""ar"": ""State"", ""sn"": ""['states']"", ""sv"": ""['?']""}"
g4GdzpVwjD3_X-gmkM5UQstbFQKJqh4d-turn12,"It is an automaton which accepts zero or more words in a binary alphabet formed by a sequence of a pair of 1s followed by a 0. There are a total of 3 states: q0, q1, and q2. q0 is both initial and end state. From each state 1 arc starts: from q0 the arc points to q2 and is marked with 1. From q2 it points to q1 and is marked with 1. From q1 it points to q0 and is marked with 0. ","{""da"": ""Ta:answer"", ""et"": ""fsa-practical"", ""ar"": ""Automata"", ""sn"": ""['alphabet','input','numberOfStates','states','initialState','finalStates','transitions']"", ""sv"": ""[['0','1'],'110','3',['q0','q1','q2'],'q0',['q0'],[('q0','q2','1'),('q2','q1','1'),('q1','q0','0')]]""}"
0MgCjt8WVTxN4Thm2f0TbS_vigxpGyhI-turn8,From q2 there is only one transition to q1 marked with 1.,"{""da"": ""Ta:answer"", ""et"": ""fsa-practical"", ""ar"": ""Transition"", ""sn"": ""['transitions']"", ""sv"": ""[[('q2','q1','1')]]""}"
rHgyaZS8T8cuQ0u39AHqQBs_vaj5ePIu-turn2,In this automaton there are 5 states and 5 transitions. From each state only one transition starts. Each state receives one transition. ,"{""da"": ""Ta:answer"", ""et"": ""fsa-practical"", ""ar"": ""Automata"", ""sn"": ""['numberOfStates','numberOfTransitions']"", ""sv"": ""['5','5']""}"
Em5Mj8ykVSTl8U4QKIZ_n7L1bF8H1kL1-turn27,describe ,"{""da"": ""Ta:request"", ""et"": ""Nan"", ""ar"": ""Nan"", ""sn"": ""[]"", ""sv"": ""[]""}"
66dde62fa69c9e02a05c3dbf-turn1,Thank you for responding to me,"{""da"": ""SOM:thanking"", ""et"": ""Nan"", ""ar"": ""Nan"", ""sn"": ""[]"", ""sv"": ""[]""}"
P-_bE79Vy1PQJqftQhKxblP_VtV-DNEF-turn7,What is the final state of an automaton ,"{""da"": ""Ta:setQuestion"", ""et"": ""fsa-theoretical"", ""ar"": ""State"", ""sn"": ""['finalStates']"", ""sv"": ""['?']""}"
ShIe4j-y-ekoRj_Xvt7r2MkyrvfyFPK6-turn17,arc between q0 and q1 ,"{""da"": ""Ta:request"", ""et"": ""fsa-practical"", ""ar"": ""Transition"", ""sn"": ""['transitions']"", ""sv"": ""[[('q0','q1','?')]]""}"
66dc1a3e9ddcb359f401a630-turn1,What input pattern is required for the automaton to reach its final state,"{""da"": ""Ta:setQuestion"", ""et"": ""fsa-practical"", ""ar"": ""Language"", ""sn"": ""['input']"", ""sv"": ""['?']""}"
VMkBtJ-FIizHxrkxPyS3DniIMKBgDUwJ-turn5,how many transitions ,"{""da"": ""Ta:setQuestion"", ""et"": ""fsa-practical"", ""ar"": ""Transition"", ""sn"": ""['numberOfTransitions']"", ""sv"": ""['?']""}"
66c996a3d9a23f4774b60843-turn2,"This automaton has five transitions. q0 is the initial and final          state. From q0 to q1 there is a transition marked as 1. From q1 to q2 there is another          transition marked as 1. From q2 to q3 there is a transition marked as 1. From q3 to q4          there is a transition marked as 0. Finally, from q4 to q0 there is a transition marked as          0.","{""da"": ""Ta:answer"", ""et"": ""fsa-practical"", ""ar"": ""Transition"", ""sn"": ""['numberOfTransitions','initialState','finalStates','transitions']"", ""sv"": ""['5','q0',['q0'],[('q0','q1','1'),('q1','q2','1'),('q2','q3','1'),('q3','q4','0'),('q4','q0','0')]]""}"
AIzOyq5ExGrZ23ca0dNIWCK5C2HD3cCA-turn14,From q0 there is only one transition to q1 marked with 1.,"{""da"": ""Ta:answer"", ""et"": ""fsa-practical"", ""ar"": ""Transition"", ""sn"": ""['transitions']"", ""sv"": ""[[('q0','q1','1')]]""}"
66d8a07a9880ff2cbea5b44c-turn2,"There are a total of 5 states. q0, q1, q2, q3, and q4. q0 is both initial and final      state.","{""da"": ""Ta:answer"", ""et"": ""fsa-practical"", ""ar"": ""State"", ""sn"": ""['numberOfStates','states','initialState','finalStates']"", ""sv"": ""['5',['q0','q1','q2','q3','q4'],'q0',['q0']]""}"
66fef750aa9a9ff3615fab5b-turn1,what is a deterministic automaton,"{""da"": ""Ta:setQuestion"", ""et"": ""fsa-theoretical"", ""ar"": ""Automata"", ""sn"": ""['automataType']"", ""sv"": ""['deterministic']""}"
CW4txSkffsEwrT2wLOzWbeScRrQESVBu-turn15,what s the number of nodes,"{""da"": ""Ta:setQuestion"", ""et"": ""fsa-practical"", ""ar"": ""State"", ""sn"": ""['numberOfStates']"", ""sv"": ""['?']""}"
0MgCjt8WVTxN4Thm2f0TbS_vigxpGyhI-turn13,how many transitions,"{""da"": ""Ta:setQuestion"", ""et"": ""fsa-practical"", ""ar"": ""Transition"", ""sn"": ""['numberOfTransitions']"", ""sv"": ""['?']""}"
Em5Mj8ykVSTl8U4QKIZ_n7L1bF8H1kL1-turn20,From q1 there is only one transition to q2 marked with 1.,"{""da"": ""Ta:answer"", ""et"": ""fsa-practical"", ""ar"": ""Transition"", ""sn"": ""['transitions']"", ""sv"": ""[[('q1','q2','1')]]""}"
K2TB8bOVY1WHuazVxCQEhM789Y6lGaHw-turn6,"Yes, there is only one arc starting from each state. The first 2 in anti-clockwisedirection are marked by 1, the remaining by 0. ","{""da"": ""Ta:answer"", ""et"": ""fsa-practical"", ""ar"": ""Pattern"", ""sn"": ""['patternType']"", ""sv"": ""['clockwise']""}"
orFerWOnOwCvmZ_TPcCy_3bOiH4Pl7xf-turn1,How many states does Automaton 1 have ,"{""da"": ""Ta:setQuestion"", ""et"": ""fsa-practical"", ""ar"": ""State"", ""sn"": ""['numberOfStates']"", ""sv"": ""['?']""}"
K2TB8bOVY1WHuazVxCQEhM789Y6lGaHw-turn9,what is its optimal spatial representation ,"{""da"": ""Ta:setQuestion"", ""et"": ""fsa-practical"", ""ar"": ""Pattern"", ""sn"": ""['optimalSpatialRepresentation']"", ""sv"": ""['?']""}"
CW4txSkffsEwrT2wLOzWbeScRrQESVBu-turn43,q0 to q4,"{""da"": ""Ta:request"", ""et"": ""fsa-practical"", ""ar"": ""Transition"", ""sn"": ""['transitions']"", ""sv"": ""[[('q4','q0','?')]]""}"
q9Tw8Mb_nRwbwBOy-cnCELz2dVncJh-T-turn5,How many states ,"{""da"": ""Ta:setQuestion"", ""et"": ""fsa-practical"", ""ar"": ""State"", ""sn"": ""['numberOfStates']"", ""sv"": ""['?']""}"
uX-G8wJ5wSxmtNvsKkQg61kTOFczKm8b-turn17,can you describe the transitions,"{""da"": ""Ta:request"", ""et"": ""fsa-practical"", ""ar"": ""Transition"", ""sn"": ""['transitions']"", ""sv"": ""['?']""}"
V3HOB-turn3,Are there any loops ,"{""da"": ""Ta:propositionalQuestion"", ""et"": ""fsa-practical"", ""ar"": ""Pattern"", ""sn"": ""['patternType']"", ""sv"": ""['?']""}"
66dde55da69c9e02a05c3db5-turn1,Which state in the automaton is both the initial and the final state,"{""da"": ""Ta:setQuestion"", ""et"": ""fsa-practical"", ""ar"": ""State"", ""sn"": ""['initialState','finalStates']"", ""sv"": ""['?','?']""}"
bq9WYgxCi_ATitsSgtUQUUqZSE2kbkAz-turn29,describe the shape of the automaton,"{""da"": ""Ta:request"", ""et"": ""fsa-practical"", ""ar"": ""Automata"", ""sn"": ""['graphicRepresentation']"", ""sv"": ""['?']""}"
FaSMl3Iu-Kr6owi4byJ2me2wFzk-c7oM-turn3,Descrivi l automa ,"{""da"": ""Ta:request"", ""et"": ""fsa-practical"", ""ar"": ""Automata"", ""sn"": ""[]"", ""sv"": ""[]""}"
66feecd60281fd1ff4448af6-turn1,what input is accepted,"{""da"": ""Ta:setQuestion"", ""et"": ""fsa-practical"", ""ar"": ""Language"", ""sn"": ""['input']"", ""sv"": ""['?']""}"
k1xVMO4RTaL82fwPSwYj5iaHpyEYTMcz-turn23,Can you describe the automaton ,"{""da"": ""Ta:request"", ""et"": ""fsa-practical"", ""ar"": ""Automata"", ""sn"": ""[]"", ""sv"": ""[]""}"
66ff03879021ec0b460c6a80-turn1,thank you to yours replies,"{""da"": ""SOM:thanking"", ""et"": ""Nan"", ""ar"": ""Nan"", ""sn"": ""[]"", ""sv"": ""[]""}"
rHgyaZS8T8cuQ0u39AHqQBs_vaj5ePIu-turn1,how many states and edges ,"{""da"": ""Ta:setQuestion"", ""et"": ""fsa-practical"", ""ar"": ""Automata"", ""sn"": ""['numberOfStates','numberOfTransitions']"", ""sv"": ""['?','?']""}"
yCwNzGV8uxxphdOTs190n_9ES3NNVN2s-turn3,how many states does the automaton have ,"{""da"": ""Ta:setQuestion"", ""et"": ""fsa-practical"", ""ar"": ""State"", ""sn"": ""['numberOfStates']"", ""sv"": ""['?']""}"
sveUGr-bCBUSZI2QFJORfflTpgefFbKW-turn17,can you describe me the automaton ,"{""da"": ""Ta:request"", ""et"": ""fsa-practical"", ""ar"": ""Automata"", ""sn"": ""[]"", ""sv"": ""[]""}"
q9Tw8Mb_nRwbwBOy-cnCELz2dVncJh-T-turn21,Can you describe the transition function ,"{""da"": ""Ta:request"", ""et"": ""fsa-practical"", ""ar"": ""Transition"", ""sn"": ""['transitions']"", ""sv"": ""['?']""}"
ShIe4j-y-ekoRj_Xvt7r2MkyrvfyFPK6-turn6,"I dont' know. Just try asking something like, ""How is the automaton represented?""","{""da"": ""AutoF:autoNegative; DS:suggest"", ""et"": ""Nan"", ""ar"": ""Nan"", ""sn"": ""[]"", ""sv"": ""[]""}"
66dc13956e6c775609003afb-turn1,"goodmorning, how are you","{""da"": ""DS:opening; SOM:initGreeting"", ""et"": ""Nan"", ""ar"": ""Nan"", ""sn"": ""[]"", ""sv"": ""[]""}"
q9Tw8Mb_nRwbwBOy-cnCELz2dVncJh-T-turn11,Describe graphically automaton ,"{""da"": ""Ta:request"", ""et"": ""fsa-practical"", ""ar"": ""Automata"", ""sn"": ""['graphicRepresentation']"", ""sv"": ""['?']""}"
