id,input,prediction,actual,generation
 _5HlGjFdH6WD3QHzT82E_hSsC1N12Z5J-turn1,What is the starting state ," {'ar': 'State', 'da': 'Ta:setQuestion', 'in': 'fsa-practical','sn': ""['initialState']"",'sv': ""['?']""} ","{'ar': 'State', 'da': 'Ta:setQuestion', 'in': 'fsa-practical', 'sn': ""['initialState']"", 'sv': ""['?']""}","<s> [INST] Given the following input in (INPUT), you have to generate the corresponding json in (ANW) [/INST] [INPUT] What is the starting state  [/INPUT] [ANW] {'ar': 'State', 'da': 'Ta:setQuestion', 'in': 'fsa-practical','sn': ""['initialState']"",'sv': ""['?']""} [/ANW] </s>"
bq9WYgxCi_ATitsSgtUQUUqZSE2kbkAz-turn5,which are the states connected with 0 ," {'ar': 'State', 'da': 'Ta:setQuestion', 'in': 'fsa-practical','sn': ""['states']"",'sv': ""['0']""} ","{'ar': 'Transition', 'da': 'Ta:setQuestion', 'in': 'fsa-practical', 'sn': ""['transitions']"", 'sv': ""[[('?','?','0')]]""}","<s> [INST] Given the following input in (INPUT), you have to generate the corresponding json in (ANW) [/INST] [INPUT] which are the states connected with 0  [/INPUT] [ANW] {'ar': 'State', 'da': 'Ta:setQuestion', 'in': 'fsa-practical','sn': ""['states']"",'sv': ""['0']""} [/ANW] </s>"
66dde33ea69c9e02a05c3d8d-turn1,Does the automaton return to q0 after every valid input sequence," {'ar': 'Automata', 'da': 'Ta:propositionalQuestion', 'in': 'fsa-practical','sn': ""['returnsToQ0']"",'sv': ""['?']""} ","{'ar': 'Transition', 'da': 'Ta:propositionalQuestion', 'in': 'fsa-practical', 'sn': ""['transitions']"", 'sv': ""[[('finalStates','q0','?')]]""}","<s> [INST] Given the following input in (INPUT), you have to generate the corresponding json in (ANW) [/INST] [INPUT] Does the automaton return to q0 after every valid input sequence [/INPUT] [ANW] {'ar': 'Automata', 'da': 'Ta:propositionalQuestion', 'in': 'fsa-practical','sn': ""['returnsToQ0']"",'sv': ""['?']""} [/ANW] </s>"
sveUGr-bCBUSZI2QFJORfflTpgefFbKW-turn1,How many states do you have ," {'ar': 'State', 'da': 'Ta:setQuestion', 'in': 'fsa-practical','sn': ""['numberOfStates']"",'sv': ""['?']""} ","{'ar': 'State', 'da': 'Ta:setQuestion', 'in': 'fsa-practical', 'sn': ""['numberOfStates']"", 'sv': ""['?']""}","<s> [INST] Given the following input in (INPUT), you have to generate the corresponding json in (ANW) [/INST] [INPUT] How many states do you have  [/INPUT] [ANW] {'ar': 'State', 'da': 'Ta:setQuestion', 'in': 'fsa-practical','sn': ""['numberOfStates']"",'sv': ""['?']""} [/ANW] </s>"
Em5Mj8ykVSTl8U4QKIZ_n7L1bF8H1kL1-turn1,describe it," {'ar': 'Nan', 'da': 'Ta:request', 'in': 'Nan','sn': 'Nan','sv': 'Nan'} ","{'ar': 'Nan', 'da': 'Ta:request', 'in': 'Nan', 'sn': '[]', 'sv': '[]'}","<s> [INST] Given the following input in (INPUT), you have to generate the corresponding json in (ANW) [/INST] [INPUT] describe it [/INPUT] [ANW] {'ar': 'Nan', 'da': 'Ta:request', 'in': 'Nan','sn': 'Nan','sv': 'Nan'} [/ANW] </s>"
66dde24ba69c9e02a05c3d67-turn1,Which state follows q1 in the automaton," {'ar': 'State', 'da': 'Ta:setQuestion', 'in': 'fsa-practical','sn': ""['transitions']"",'sv': ""[[('q1','?','?')]]""} ","{'ar': 'Transition', 'da': 'Ta:setQuestion', 'in': 'fsa-practical', 'sn': ""['transitions']"", 'sv': ""[[('q1','?','?')]]""}","<s> [INST] Given the following input in (INPUT), you have to generate the corresponding json in (ANW) [/INST] [INPUT] Which state follows q1 in the automaton [/INPUT] [ANW] {'ar': 'State', 'da': 'Ta:setQuestion', 'in': 'fsa-practical','sn': ""['transitions']"",'sv': ""[[('q1','?','?')]]""} [/ANW] </s>"
66dc1ce79ddcb359f401a642-turn1,Is there any state in the automaton that has no outgoing transitions," {'ar': 'Transition', 'da': 'Ta:propositionalQuestion', 'in': 'fsa-practical','sn': ""['transitions']"",'sv': ""[[('?','?')]]""} ","{'ar': 'State', 'da': 'Ta:propositionalQuestion', 'in': 'fsa-practical', 'sn': ""['stateWithoutTransitions']"", 'sv': ""['?']""}","<s> [INST] Given the following input in (INPUT), you have to generate the corresponding json in (ANW) [/INST] [INPUT] Is there any state in the automaton that has no outgoing transitions [/INPUT] [ANW] {'ar': 'Transition', 'da': 'Ta:propositionalQuestion', 'in': 'fsa-practical','sn': ""['transitions']"",'sv': ""[[('?','?')]]""} [/ANW] </s>"
66feeda10281fd1ff4448b14-turn2,"The alphabet accepted by this automaton is a binary alphabet made by 0s and 1s. If you want to      know about the language accepted, ask me about it."," {'ar': 'Alphabet', 'da': 'Ta:answer', 'in': 'fsa-practical','sn': ""['alphabet']"",'sv': ""['0','1']""} ","{'ar': 'Alphabet', 'da': 'Ta:answer', 'in': 'fsa-practical', 'sn': ""['alphabet']"", 'sv': ""[['0','1']]""}","<s> [INST] Given the following input in (INPUT), you have to generate the corresponding json in (ANW) [/INST] [INPUT] The alphabet accepted by this automaton is a binary alphabet made by 0s and 1s. If you want to      know about the language accepted, ask me about it. [/INPUT] [ANW] {'ar': 'Alphabet', 'da': 'Ta:answer', 'in': 'fsa-practical','sn': ""['alphabet']"",'sv': ""['0','1']""} [/ANW] </s>"
66feff5d9021ec0b460c6a26-turn1,output," {'ar': 'Language', 'da': 'Ta:request', 'in': 'fsa-practical','sn': ""['output']"",'sv': ""['?']""} ","{'ar': 'Automata', 'da': 'Ta:request', 'in': 'fsa-practical', 'sn': ""['output']"", 'sv': ""['?']""}","<s> [INST] Given the following input in (INPUT), you have to generate the corresponding json in (ANW) [/INST] [INPUT] output [/INPUT] [ANW] {'ar': 'Language', 'da': 'Ta:request', 'in': 'fsa-practical','sn': ""['output']"",'sv': ""['?']""} [/ANW] </s>"
Em5Mj8ykVSTl8U4QKIZ_n7L1bF8H1kL1-turn13,which is final state," {'ar': 'State', 'da': 'Ta:setQuestion', 'in': 'fsa-practical','sn': ""['finalState']"",'sv': ""['?']""} ","{'ar': 'State', 'da': 'Ta:setQuestion', 'in': 'fsa-practical', 'sn': ""['finalStates']"", 'sv': ""['?']""}","<s> [INST] Given the following input in (INPUT), you have to generate the corresponding json in (ANW) [/INST] [INPUT] which is final state [/INPUT] [ANW] {'ar': 'State', 'da': 'Ta:setQuestion', 'in': 'fsa-practical','sn': ""['finalState']"",'sv': ""['?']""} [/ANW] </s>"
71DvREY3rPDW1C0uzelsV6yXdSNexElS-turn19,According to your understanding of Automaton 2 what is its optimal spatial representation ," {'ar': 'Automata', 'da': 'Ta:setQuestion', 'in': 'fsa-practical','sn': ""['optimalSpatialRepresentation']"",'sv': ""['?']""} ","{'ar': 'Pattern', 'da': 'Ta:setQuestion', 'in': 'fsa-practical', 'sn': ""['optimalSpatialRepresentation']"", 'sv': ""['?']""}","<s> [INST] Given the following input in (INPUT), you have to generate the corresponding json in (ANW) [/INST] [INPUT] According to your understanding of Automaton 2 what is its optimal spatial representation  [/INPUT] [ANW] {'ar': 'Automata', 'da': 'Ta:setQuestion', 'in': 'fsa-practical','sn': ""['optimalSpatialRepresentation']"",'sv': ""['?']""} [/ANW] </s>"
CW4txSkffsEwrT2wLOzWbeScRrQESVBu-turn1,what is an automaton," {'ar': 'Automata', 'da': 'Ta:setQuestion', 'in': 'fsa-practical','sn': ""['automata']"",'sv': ""['?']""} ","{'ar': 'Automata', 'da': 'Ta:setQuestion', 'in': 'fsa-theoretical', 'sn': '[]', 'sv': '[]'}","<s> [INST] Given the following input in (INPUT), you have to generate the corresponding json in (ANW) [/INST] [INPUT] what is an automaton [/INPUT] [ANW] {'ar': 'Automata', 'da': 'Ta:setQuestion', 'in': 'fsa-practical','sn': ""['automata']"",'sv': ""['?']""} [/ANW] </s>"
ShIe4j-y-ekoRj_Xvt7r2MkyrvfyFPK6-turn19,what are the transitions ," {'ar': 'Transition', 'da': 'Ta:setQuestion', 'in': 'fsa-practical','sn': ""['transitions']"",'sv': ""['?']""} ","{'ar': 'Transition', 'da': 'OCM:selfCorrection', 'in': 'fsa-practical', 'sn': ""['transitions']"", 'sv': ""['?']""}","<s> [INST] Given the following input in (INPUT), you have to generate the corresponding json in (ANW) [/INST] [INPUT] what are the transitions  [/INPUT] [ANW] {'ar': 'Transition', 'da': 'Ta:setQuestion', 'in': 'fsa-practical','sn': ""['transitions']"",'sv': ""['?']""} [/ANW] </s>"
w05LD7si_oM5jBhxC-dUqFBsx77pOFB2-turn3,how many arcs are there in the automata ," {'ar': 'Automata', 'da': 'Ta:setQuestion', 'in': 'fsa-practical','sn': ""['numberOfStates']"",'sv': ""['?']""} ","{'ar': 'Transition', 'da': 'Ta:setQuestion', 'in': 'fsa-practical', 'sn': ""['numberOfTransitions']"", 'sv': ""['?']""}","<s> [INST] Given the following input in (INPUT), you have to generate the corresponding json in (ANW) [/INST] [INPUT] how many arcs are there in the automata  [/INPUT] [ANW] {'ar': 'Automata', 'da': 'Ta:setQuestion', 'in': 'fsa-practical','sn': ""['numberOfStates']"",'sv': ""['?']""} [/ANW] </s>"
66dc1026c1145f84a63b504a-turn1,What is the role of the state q4 in the automaton's behavior," {'ar': 'State', 'da': 'Ta:setQuestion', 'in': 'fsa-practical','sn': ""['state']"",'sv': ""['q4']""} ","{'ar': 'State', 'da': 'Ta:setQuestion', 'in': 'fsa-practical', 'sn': ""['states']"", 'sv': ""[['q4']]""}","<s> [INST] Given the following input in (INPUT), you have to generate the corresponding json in (ANW) [/INST] [INPUT] What is the role of the state q4 in the automaton's behavior [/INPUT] [ANW] {'ar': 'State', 'da': 'Ta:setQuestion', 'in': 'fsa-practical','sn': ""['state']"",'sv': ""['q4']""} [/ANW] </s>"
66fefe439021ec0b460c69fe-turn1,What are the states connected to q4," {'ar': 'State', 'da': 'Ta:setQuestion', 'in': 'fsa-practical','sn': ""['transitions']"",'sv': ""[[('q4','?','?')]]""} ","{'ar': 'State', 'da': 'Ta:setQuestion', 'in': 'fsa-practical', 'sn': ""['transitions']"", 'sv': ""[[('q4','?','?')]]""}","<s> [INST] Given the following input in (INPUT), you have to generate the corresponding json in (ANW) [/INST] [INPUT] What are the states connected to q4 [/INPUT] [ANW] {'ar': 'State', 'da': 'Ta:setQuestion', 'in': 'fsa-practical','sn': ""['transitions']"",'sv': ""[[('q4','?','?')]]""} [/ANW] </s>"
K5RjdKDOVHgcktsKy-aBfu8jEOHFumTe-turn5,which are the trasitions ," {'ar': 'Transition', 'da': 'Ta:setQuestion', 'in': 'fsa-practical','sn': ""['transitions']"",'sv': ""['?']""} ","{'ar': 'Transition', 'da': 'Ta:setQuestion', 'in': 'fsa-practical', 'sn': ""['transitions']"", 'sv': ""['?']""}","<s> [INST] Given the following input in (INPUT), you have to generate the corresponding json in (ANW) [/INST] [INPUT] which are the trasitions  [/INPUT] [ANW] {'ar': 'Transition', 'da': 'Ta:setQuestion', 'in': 'fsa-practical','sn': ""['transitions']"",'sv': ""['?']""} [/ANW] </s>"
ctyHWUgv9B_kHA6DNcrgMxadmJZJ1sHa-turn11,How many transitions does the automaton contain ," {'ar': 'Transition', 'da': 'Ta:setQuestion', 'in': 'fsa-practical','sn': ""['numberOfTransitions']"",'sv': ""['?']""} ","{'ar': 'Transition', 'da': 'Ta:setQuestion', 'in': 'fsa-practical', 'sn': ""['numberOfTransitions']"", 'sv': ""['?']""}","<s> [INST] Given the following input in (INPUT), you have to generate the corresponding json in (ANW) [/INST] [INPUT] How many transitions does the automaton contain  [/INPUT] [ANW] {'ar': 'Transition', 'da': 'Ta:setQuestion', 'in': 'fsa-practical','sn': ""['numberOfTransitions']"",'sv': ""['?']""} [/ANW] </s>"
AIzOyq5ExGrZ23ca0dNIWCK5C2HD3cCA-turn6,"There are a total of 5 states. q0, q1, q2, q3, and q4. q0 is both initial and final state."," {'ar': 'State', 'da': 'Ta:answer', 'in': 'fsa-practical','sn': ""['numberOfStates','initialState','finalStates']"",'sv': ""['5','q0',['q0','q4']]""} ","{'ar': 'State', 'da': 'Ta:answer', 'in': 'fsa-practical', 'sn': ""['numberOfStates','states','initialState','finalStates']"", 'sv': ""['5',['q0','q1','q2','q3','q4'],'q0',['q0']]""}","<s> [INST] Given the following input in (INPUT), you have to generate the corresponding json in (ANW) [/INST] [INPUT] There are a total of 5 states. q0, q1, q2, q3, and q4. q0 is both initial and final state. [/INPUT] [ANW] {'ar': 'State', 'da': 'Ta:answer', 'in': 'fsa-practical','sn': ""['numberOfStates','initialState','finalStates']"",'sv': ""['5','q0',['q0','q4']]""} [/ANW] </s>"
gQZalALP9AxsFfEPC9Lm_JhIimMxTW_j-turn11,Is there an arc from q2 to q3 ," {'ar': 'Transition', 'da': 'Ta:propositionalQuestion', 'in': 'fsa-practical','sn': ""['transitions']"",'sv': ""[[('q2','q3','?')]]""} ","{'ar': 'Transition', 'da': 'Ta:propositionalQuestion', 'in': 'fsa-practical', 'sn': ""['transitions']"", 'sv': ""[[('q2','q3','?')]]""}","<s> [INST] Given the following input in (INPUT), you have to generate the corresponding json in (ANW) [/INST] [INPUT] Is there an arc from q2 to q3  [/INPUT] [ANW] {'ar': 'Transition', 'da': 'Ta:propositionalQuestion', 'in': 'fsa-practical','sn': ""['transitions']"",'sv': ""[[('q2','q3','?')]]""} [/ANW] </s>"
66c99adad9a23f4774b6087f-turn2,"This automaton has five states. q0 is the initial and final state. From          q0 to q1 there is an arc marked as 1. From q1 to q2 there is another arc marked as 1. From          q2 to q3 there is an arc marked as 1. From q3 to q4 there is an arc marked as 0. Finally,          from q4 to q0 there is an arc marked as 0."," {'ar': 'Automata', 'da': 'Ta:answer', 'in': 'fsa-practical','sn': ""['numberOfStates','initialState','finalStates','transitions']"",'sv': ""['5','q0',['q0'],[('q0','q1','1'),('q1','q2','1'),('q2','q3','1'),('q3','q4','0'),('q4','q0','0')]]""} ","{'ar': 'State', 'da': 'Ta:answer', 'in': 'fsa-practical', 'sn': ""['numberOfStates','initialState','finalStates','transitions']"", 'sv': ""['5','q0',['q0'],[('q0','q1','1'),('q1','q2','1'),('q2','q3','1'),('q3','q4','0'),('q4','q0','0')]]""}","<s> [INST] Given the following input in (INPUT), you have to generate the corresponding json in (ANW) [/INST] [INPUT] This automaton has five states. q0 is the initial and final state. From          q0 to q1 there is an arc marked as 1. From q1 to q2 there is another arc marked as 1. From          q2 to q3 there is an arc marked as 1. From q3 to q4 there is an arc marked as 0. Finally,          from q4 to q0 there is an arc marked as 0. [/INPUT] [ANW] {'ar': 'Automata', 'da': 'Ta:answer', 'in': 'fsa-practical','sn': ""['numberOfStates','initialState','finalStates','transitions']"",'sv': ""['5','q0',['q0'],[('q0','q1','1'),('q1','q2','1'),('q2','q3','1'),('q3','q4','0'),('q4','q0','0')]]""} [/ANW] </s>"
sveUGr-bCBUSZI2QFJORfflTpgefFbKW-turn15,is q4 linked to q0 ," {'ar': 'Transition', 'da': 'Ta:propositionalQuestion', 'in': 'fsa-practical','sn': ""['transitions']"",'sv': ""[[('q0','q4','?')]]""} ","{'ar': 'Transition', 'da': 'Ta:propositionalQuestion', 'in': 'fsa-practical', 'sn': ""['transitions']"", 'sv': ""[[('q4','q0','?')]]""}","<s> [INST] Given the following input in (INPUT), you have to generate the corresponding json in (ANW) [/INST] [INPUT] is q4 linked to q0  [/INPUT] [ANW] {'ar': 'Transition', 'da': 'Ta:propositionalQuestion', 'in': 'fsa-practical','sn': ""['transitions']"",'sv': ""[[('q0','q4','?')]]""} [/ANW] </s>"
ShIe4j-y-ekoRj_Xvt7r2MkyrvfyFPK6-turn23,how is marked the arc between q0 and q2 ," {'ar': 'Transition', 'da': 'Ta:setQuestion', 'in': 'fsa-practical','sn': ""['transitions']"",'sv': ""[[('q0','q2','?')]]""} ","{'ar': 'Transition', 'da': 'Ta:setQuestion', 'in': 'fsa-practical', 'sn': ""['transitions']"", 'sv': ""[[('q0','q2','?')]]""}","<s> [INST] Given the following input in (INPUT), you have to generate the corresponding json in (ANW) [/INST] [INPUT] how is marked the arc between q0 and q2  [/INPUT] [ANW] {'ar': 'Transition', 'da': 'Ta:setQuestion', 'in': 'fsa-practical','sn': ""['transitions']"",'sv': ""[[('q0','q2','?')]]""} [/ANW] </s>"
gQZalALP9AxsFfEPC9Lm_JhIimMxTW_j-turn14,"Yes, there is a transition from q3 to q4 and is marked with 0. "," {'ar': 'Transition', 'da': 'Ta:answer', 'in': 'fsa-practical','sn': ""['transitions']"",'sv': ""[[('q3','q4','0')]]""} ","{'ar': 'Transition', 'da': 'Ta:answer', 'in': 'fsa-practical', 'sn': ""['transitions']"", 'sv': ""[[('q3','q4','0')]]""}","<s> [INST] Given the following input in (INPUT), you have to generate the corresponding json in (ANW) [/INST] [INPUT] Yes, there is a transition from q3 to q4 and is marked with 0.  [/INPUT] [ANW] {'ar': 'Transition', 'da': 'Ta:answer', 'in': 'fsa-practical','sn': ""['transitions']"",'sv': ""[[('q3','q4','0')]]""} [/ANW] </s>"
66d89d2b9880ff2cbea5b42a-turn1,can you describe the trasition function," {'ar': 'Transition', 'da': 'Ta:request', 'in': 'fsa-practical','sn': ""['transition']"",'sv': ""['?']""} ","{'ar': 'Transition', 'da': 'Ta:request', 'in': 'fsa-practical', 'sn': ""['transitions']"", 'sv': ""['?']""}","<s> [INST] Given the following input in (INPUT), you have to generate the corresponding json in (ANW) [/INST] [INPUT] can you describe the trasition function [/INPUT] [ANW] {'ar': 'Transition', 'da': 'Ta:request', 'in': 'fsa-practical','sn': ""['transition']"",'sv': ""['?']""} [/ANW] </s>"
rHgyaZS8T8cuQ0u39AHqQBs_vaj5ePIu-turn3,is it directed ," {'ar': 'Transition', 'da': 'Ta:setQuestion', 'in': 'fsa-practical','sn': ""['transitions']"",'sv': ""[[('?','?','?')]]""} ","{'ar': 'Pattern', 'da': 'Ta:propositionalQuestion', 'in': 'fsa-practical', 'sn': ""['automataType']"", 'sv': ""['directed']""}","<s> [INST] Given the following input in (INPUT), you have to generate the corresponding json in (ANW) [/INST] [INPUT] is it directed  [/INPUT] [ANW] {'ar': 'Transition', 'da': 'Ta:setQuestion', 'in': 'fsa-practical','sn': ""['transitions']"",'sv': ""[[('?','?','?')]]""} [/ANW] </s>"
bq9WYgxCi_ATitsSgtUQUUqZSE2kbkAz-turn17,how many 0 art here ," {'ar': 'Nan', 'da': 'Ta:setQuestion', 'in': 'Nan','sn': '[]','sv': '[]'} ","{'ar': 'Transition', 'da': 'Ta:setQuestion', 'in': 'fsa-practical', 'sn': ""['transitions']"", 'sv': ""[[('?','?','0')]]""}","<s> [INST] Given the following input in (INPUT), you have to generate the corresponding json in (ANW) [/INST] [INPUT] how many 0 art here  [/INPUT] [ANW] {'ar': 'Nan', 'da': 'Ta:setQuestion', 'in': 'Nan','sn': '[]','sv': '[]'} [/ANW] </s>"
K2TB8bOVY1WHuazVxCQEhM789Y6lGaHw-turn15,It is possible to find a repetitive pattern in the transitions ," {'ar': 'Pattern', 'da': 'Ta:propositional', 'in': 'fsa-practical','sn': ""['patternType']"",'sv': ""['repetitive']""} ","{'ar': 'Pattern', 'da': 'Ta:propositionalQuestion', 'in': 'fsa-practical', 'sn': ""['patternType']"", 'sv': ""['?']""}","<s> [INST] Given the following input in (INPUT), you have to generate the corresponding json in (ANW) [/INST] [INPUT] It is possible to find a repetitive pattern in the transitions  [/INPUT] [ANW] {'ar': 'Pattern', 'da': 'Ta:propositional', 'in': 'fsa-practical','sn': ""['patternType']"",'sv': ""['repetitive']""} [/ANW] </s>"
66d89c769880ff2cbea5b424-turn1,is the automation a DFA or NFA," {'ar': 'Automata', 'da': 'Ta:setQuestion', 'in': 'fsa-practical','sn': ""['automataType']"",'sv': ""['?']""} ","{'ar': 'Automata', 'da': 'Ta:propositionalQuestion', 'in': 'fsa-practical', 'sn': ""['automataType']"", 'sv': ""['?']""}","<s> [INST] Given the following input in (INPUT), you have to generate the corresponding json in (ANW) [/INST] [INPUT] is the automation a DFA or NFA [/INPUT] [ANW] {'ar': 'Automata', 'da': 'Ta:setQuestion', 'in': 'fsa-practical','sn': ""['automataType']"",'sv': ""['?']""} [/ANW] </s>"
0MgCjt8WVTxN4Thm2f0TbS_vigxpGyhI-turn1,initial state," {'ar': 'State', 'da': 'Ta:request', 'in': 'fsa-practical','sn': ""['initialState']"",'sv': ""['?']""} ","{'ar': 'State', 'da': 'Ta:request', 'in': 'fsa-practical', 'sn': ""['initialState']"", 'sv': ""['?']""}","<s> [INST] Given the following input in (INPUT), you have to generate the corresponding json in (ANW) [/INST] [INPUT] initial state [/INPUT] [ANW] {'ar': 'State', 'da': 'Ta:request', 'in': 'fsa-practical','sn': ""['initialState']"",'sv': ""['?']""} [/ANW] </s>"
66feebad0281fd1ff4448ae2-turn2,"This automaton has five transitions. From q0 to q1 there is an arc          marked as 1. From q1 to q2 there is another arc marked as 1. From q2 to q3 there is an arc          marked as 1. From q3 to q4 there is an arc marked as 0. Finally, from q4 to q0 there is an          arc marked as 0."," {'ar': 'Automata', 'da': 'Ta:answer', 'in': 'fsa-practical','sn': ""['numberOfTransitions','transition']"",'sv': ""['5', [('q0','q1','1'),('q1','q2','1'),('q2','q3','1'),('q3','q4','0'),('q4','q0','0')]]""} ","{'ar': 'Automata', 'da': 'Ta:answer', 'in': 'fsa-practical', 'sn': ""['numberOfTransitions','transitions']"", 'sv': ""['5',[('q0','q1','1'),('q1','q2','1'),('q2','q3','1'),('q3','q4','0'),('q4','q0','0')]]""}","<s> [INST] Given the following input in (INPUT), you have to generate the corresponding json in (ANW) [/INST] [INPUT] This automaton has five transitions. From q0 to q1 there is an arc          marked as 1. From q1 to q2 there is another arc marked as 1. From q2 to q3 there is an arc          marked as 1. From q3 to q4 there is an arc marked as 0. Finally, from q4 to q0 there is an          arc marked as 0. [/INPUT] [ANW] {'ar': 'Automata', 'da': 'Ta:answer', 'in': 'fsa-practical','sn': ""['numberOfTransitions','transition']"",'sv': ""['5', [('q0','q1','1'),('q1','q2','1'),('q2','q3','1'),('q3','q4','0'),('q4','q0','0')]]""} [/ANW] </s>"
CW4txSkffsEwrT2wLOzWbeScRrQESVBu-turn33,q2," {'ar': 'Language', 'da': 'Ta:setQuestion', 'in': 'fsa-practical','sn': ""['input']"",'sv': ""['q2']""} ","{'ar': 'State', 'da': 'Ta:request', 'in': 'fsa-practical', 'sn': ""['transitions']"", 'sv': ""[[('q2','?','?')]]""}","<s> [INST] Given the following input in (INPUT), you have to generate the corresponding json in (ANW) [/INST] [INPUT] q2 [/INPUT] [ANW] {'ar': 'Language', 'da': 'Ta:setQuestion', 'in': 'fsa-practical','sn': ""['input']"",'sv': ""['q2']""} [/ANW] </s>"
bq9WYgxCi_ATitsSgtUQUUqZSE2kbkAz-turn9,what are the arcs ," {'ar': 'Transition', 'da': 'Ta:setQuestion', 'in': 'fsa-practical','sn': ""['transitions']"",'sv': ""['?']""} ","{'ar': 'Transition', 'da': 'Ta:setQuestion', 'in': 'fsa-practical', 'sn': ""['transitions']"", 'sv': ""['?']""}","<s> [INST] Given the following input in (INPUT), you have to generate the corresponding json in (ANW) [/INST] [INPUT] what are the arcs  [/INPUT] [ANW] {'ar': 'Transition', 'da': 'Ta:setQuestion', 'in': 'fsa-practical','sn': ""['transitions']"",'sv': ""['?']""} [/ANW] </s>"
66dc10ccc1145f84a63b5052-turn1,How does the automaton transition back to the initial state after completing a valid sequence," {'ar': 'Transition', 'da': 'Ta:setQuestion', 'in': 'fsa-practical','sn': ""['transitions']"",'sv': ""[[('?','?','?')]]""} ","{'ar': 'Transition', 'da': 'Ta:setQuestion', 'in': 'fsa-practical', 'sn': ""['transitions']"", 'sv': ""[[('finalStates','initialState','?')]]""}","<s> [INST] Given the following input in (INPUT), you have to generate the corresponding json in (ANW) [/INST] [INPUT] How does the automaton transition back to the initial state after completing a valid sequence [/INPUT] [ANW] {'ar': 'Transition', 'da': 'Ta:setQuestion', 'in': 'fsa-practical','sn': ""['transitions']"",'sv': ""[[('?','?','?')]]""} [/ANW] </s>"
CW4txSkffsEwrT2wLOzWbeScRrQESVBu-turn14,This automaton accepts zero or more words in a binary alphabet formed by a sequence of a triple of 1s followed by a pair of 0s.," {'ar': 'Automata', 'da': 'Ta:problem', 'in': 'fsa-practical','sn': ""['alphabet','input']"",'sv': ""[['0','1'],'001111']""} ","{'ar': 'Language', 'da': 'Ta:answer', 'in': 'fsa-practical', 'sn': ""['alphabet','input']"", 'sv': ""[['0','1'],'11100']""}","<s> [INST] Given the following input in (INPUT), you have to generate the corresponding json in (ANW) [/INST] [INPUT] This automaton accepts zero or more words in a binary alphabet formed by a sequence of a triple of 1s followed by a pair of 0s. [/INPUT] [ANW] {'ar': 'Automata', 'da': 'Ta:problem', 'in': 'fsa-practical','sn': ""['alphabet','input']"",'sv': ""[['0','1'],'001111']""} [/ANW] </s>"
ctyHWUgv9B_kHA6DNcrgMxadmJZJ1sHa-turn21,What is q1 ," {'ar': 'Nan', 'da': 'Ta:setQuestion', 'in': 'Nan','sn': '[]'} ","{'ar': 'State', 'da': 'Ta:setQuestion', 'in': 'fsa-practical', 'sn': '[]', 'sv': '[]'}","<s> [INST] Given the following input in (INPUT), you have to generate the corresponding json in (ANW) [/INST] [INPUT] What is q1  [/INPUT] [ANW] {'ar': 'Nan', 'da': 'Ta:setQuestion', 'in': 'Nan','sn': '[]'} [/ANW] </s>"
orFerWOnOwCvmZ_TPcCy_3bOiH4Pl7xf-turn3,How many transitions does the automata have ," {'ar': 'Transition', 'da': 'Ta:setQuestion', 'in': 'fsa-practical','sn': ""['numberOfTransitions']"",'sv': ""['?']""} ","{'ar': 'Transition', 'da': 'Ta:setQuestion', 'in': 'fsa-practical', 'sn': ""['numberOfTransitions']"", 'sv': ""['?']""}","<s> [INST] Given the following input in (INPUT), you have to generate the corresponding json in (ANW) [/INST] [INPUT] How many transitions does the automata have  [/INPUT] [ANW] {'ar': 'Transition', 'da': 'Ta:setQuestion', 'in': 'fsa-practical','sn': ""['numberOfTransitions']"",'sv': ""['?']""} [/ANW] </s>"
P-_bE79Vy1PQJqftQhKxblP_VtV-DNEF-turn27,Which transitions end in q0 ," {'ar': 'Transition', 'da': 'Ta:setQuestion', 'in': 'fsa-practical','sn': ""['transitions']"",'sv': ""[[('q0','q0','?')]]""} ","{'ar': 'Transition', 'da': 'Ta:setQuestion', 'in': 'fsa-practical', 'sn': ""['transitions']"", 'sv': ""[[('?','q0','?')]]""}","<s> [INST] Given the following input in (INPUT), you have to generate the corresponding json in (ANW) [/INST] [INPUT] Which transitions end in q0  [/INPUT] [ANW] {'ar': 'Transition', 'da': 'Ta:setQuestion', 'in': 'fsa-practical','sn': ""['transitions']"",'sv': ""[[('q0','q0','?')]]""} [/ANW] </s>"
ctyHWUgv9B_kHA6DNcrgMxadmJZJ1sHa-turn3,describe the automaton ," {'ar': 'Automata', 'da': 'Ta:request', 'in': 'fsa-practical','sn': '[]','sv': '[]'} ","{'ar': 'Automata', 'da': 'Ta:request', 'in': 'fsa-practical', 'sn': '[]', 'sv': '[]'}","<s> [INST] Given the following input in (INPUT), you have to generate the corresponding json in (ANW) [/INST] [INPUT] describe the automaton  [/INPUT] [ANW] {'ar': 'Automata', 'da': 'Ta:request', 'in': 'fsa-practical','sn': '[]','sv': '[]'} [/ANW] </s>"
71DvREY3rPDW1C0uzelsV6yXdSNexElS-turn1,what is the phd for ," {'ar': 'Nan', 'da': 'Ta:setQuestion', 'in': 'Nan','sn': 'Nan','sv': 'Nan'} ","{'ar': 'Nan', 'da': 'Ta:setQuestion', 'in': 'Nan', 'sn': '[]', 'sv': '[]'}","<s> [INST] Given the following input in (INPUT), you have to generate the corresponding json in (ANW) [/INST] [INPUT] what is the phd for  [/INPUT] [ANW] {'ar': 'Nan', 'da': 'Ta:setQuestion', 'in': 'Nan','sn': 'Nan','sv': 'Nan'} [/ANW] </s>"
66c99c05d9a23f4774b6088b-turn1,an alc from z0 to q1," {'ar': 'Transition', 'da': 'Ta:request', 'in': 'fsa-practical','sn': ""['transitions']"",'sv': ""[[('z0','q1','?')]]""} ","{'ar': 'Transition', 'da': 'Ta:request', 'in': 'fsa-practical', 'sn': ""['transitions']"", 'sv': ""[[('z0','q1','?')]]""}","<s> [INST] Given the following input in (INPUT), you have to generate the corresponding json in (ANW) [/INST] [INPUT] an alc from z0 to q1 [/INPUT] [ANW] {'ar': 'Transition', 'da': 'Ta:request', 'in': 'fsa-practical','sn': ""['transitions']"",'sv': ""[[('z0','q1','?')]]""} [/ANW] </s>"
gQZalALP9AxsFfEPC9Lm_JhIimMxTW_j-turn13,Is there an arc from q3 to q4 ," {'ar': 'Transition', 'da': 'Ta:propositionalQuestion', 'in': 'fsa-practical','sn': ""['transitions']"",'sv': ""[[('q3','q4','?')]]""} ","{'ar': 'Transition', 'da': 'Ta:propositionalQuestion', 'in': 'fsa-practical', 'sn': ""['transitions']"", 'sv': ""[[('q3','q4','?')]]""}","<s> [INST] Given the following input in (INPUT), you have to generate the corresponding json in (ANW) [/INST] [INPUT] Is there an arc from q3 to q4  [/INPUT] [ANW] {'ar': 'Transition', 'da': 'Ta:propositionalQuestion', 'in': 'fsa-practical','sn': ""['transitions']"",'sv': ""[[('q3','q4','?')]]""} [/ANW] </s>"
rHgyaZS8T8cuQ0u39AHqQBs_vaj5ePIu-turn14,"There is only one arc starting from each state. The first three in clockwise direction are marked with 1, the remaining two with 0. "," {'ar': 'Pattern', 'da': 'Ta:answer', 'in': 'fsa-practical','sn': ""['numberOfStates','patternType','stateLabels','states']"",'sv': ""[['1','1','1010','10']]""} ","{'ar': 'Pattern', 'da': 'Ta:answer', 'in': 'fsa-practical', 'sn': ""['patternType']"", 'sv': ""['?']""}","<s> [INST] Given the following input in (INPUT), you have to generate the corresponding json in (ANW) [/INST] [INPUT] There is only one arc starting from each state. The first three in clockwise direction are marked with 1, the remaining two with 0.  [/INPUT] [ANW] {'ar': 'Pattern', 'da': 'Ta:answer', 'in': 'fsa-practical','sn': ""['numberOfStates','patternType','stateLabels','states']"",'sv': ""[['1','1','1010','10']]""} [/ANW] </s>"
gQZalALP9AxsFfEPC9Lm_JhIimMxTW_j-turn1,Could you briefly describe the automaton ," {'ar': 'Automata', 'da': 'Ta:request', 'in': 'fsa-practical','sn': '[]','sv': '[]'} ","{'ar': 'Automata', 'da': 'Ta:request', 'in': 'fsa-practical', 'sn': '[]', 'sv': '[]'}","<s> [INST] Given the following input in (INPUT), you have to generate the corresponding json in (ANW) [/INST] [INPUT] Could you briefly describe the automaton  [/INPUT] [ANW] {'ar': 'Automata', 'da': 'Ta:request', 'in': 'fsa-practical','sn': '[]','sv': '[]'} [/ANW] </s>"
66ff01bc9021ec0b460c6a58-turn1,is it a deterministic finite state automaton," {'ar': 'Automata', 'da': 'Ta:propositionalQuestion', 'in': 'fsa-practical','sn': ""['automataType']"",'sv': ""['?']""} ","{'ar': 'Automata', 'da': 'Ta:propositionalQuestion', 'in': 'fsa-practical', 'sn': ""['automataType']"", 'sv': ""['deterministic']""}","<s> [INST] Given the following input in (INPUT), you have to generate the corresponding json in (ANW) [/INST] [INPUT] is it a deterministic finite state automaton [/INPUT] [ANW] {'ar': 'Automata', 'da': 'Ta:propositionalQuestion', 'in': 'fsa-practical','sn': ""['automataType']"",'sv': ""['?']""} [/ANW] </s>"
"""meno""pu7A-turn25",Which are the transitions from q2 ," {'ar': 'Transition', 'da': 'Ta:setQuestion', 'in': 'fsa-practical','sn': ""['transitions']"",'sv': ""[[('q2','q3','?')]]""} ","{'ar': 'Transition', 'da': 'Ta:setQuestion', 'in': 'fsa-practical', 'sn': ""['transitions']"", 'sv': ""[[('q2','?','?')]]""}","<s> [INST] Given the following input in (INPUT), you have to generate the corresponding json in (ANW) [/INST] [INPUT] Which are the transitions from q2  [/INPUT] [ANW] {'ar': 'Transition', 'da': 'Ta:setQuestion', 'in': 'fsa-practical','sn': ""['transitions']"",'sv': ""[[('q2','q3','?')]]""} [/ANW] </s>"
hIbhGTnnFCuBbgJSGj1EmY944k9a71iY-turn1,Summarise the automaton ," {'ar': 'Automata', 'da': 'Ta:request', 'in': 'fsa-practical','sn': '[]','sv': '[]'} ","{'ar': 'Automata', 'da': 'Ta:request', 'in': 'fsa-practical', 'sn': '[]', 'sv': '[]'}","<s> [INST] Given the following input in (INPUT), you have to generate the corresponding json in (ANW) [/INST] [INPUT] Summarise the automaton  [/INPUT] [ANW] {'ar': 'Automata', 'da': 'Ta:request', 'in': 'fsa-practical','sn': '[]','sv': '[]'} [/ANW] </s>"
ctyHWUgv9B_kHA6DNcrgMxadmJZJ1sHa-turn1,hi ," {'ar': 'Nan', 'da': 'F:setQuestion', 'in': 'Nan','sn': 'Nan','sv': 'Nan'} ","{'ar': 'Nan', 'da': 'DS:opening; SOM:initGreeting', 'in': 'Nan', 'sn': '[]', 'sv': '[]'}","<s> [INST] Given the following input in (INPUT), you have to generate the corresponding json in (ANW) [/INST] [INPUT] hi  [/INPUT] [ANW] {'ar': 'Nan', 'da': 'F:setQuestion', 'in': 'Nan','sn': 'Nan','sv': 'Nan'} [/ANW] </s>"
66c9958ed9a23f4774b60837-turn1,if the automaton is in the state q3 and the input is 11100 what happens," {'ar': 'Automata', 'da': 'Ta:setQuestion', 'in': 'fsa-practical','sn': ""['input','state']"",'sv': ""['11100','q3']""} ","{'ar': 'Transition', 'da': 'Ta:checkQuestion', 'in': 'fsa-practical', 'sn': ""['transitions','input']"", 'sv': ""[[('q3','?','?')],'11100']""}","<s> [INST] Given the following input in (INPUT), you have to generate the corresponding json in (ANW) [/INST] [INPUT] if the automaton is in the state q3 and the input is 11100 what happens [/INPUT] [ANW] {'ar': 'Automata', 'da': 'Ta:setQuestion', 'in': 'fsa-practical','sn': ""['input','state']"",'sv': ""['11100','q3']""} [/ANW] </s>"
VMkBtJ-FIizHxrkxPyS3DniIMKBgDUwJ-turn16,"This automaton has three transitions. The first one starts at q0,being it the initial and final state. From q0 to q2 there is a transition marked as 1. From q2 to q1 there is another transition marked as 1. Finally from q1 to q0 there is atransition marked as 0. "," {'ar': 'Automata', 'da': 'Ta:answer', 'in': 'fsa-practical','sn': ""['numberOfStates','initialState','finalStates','transitions']"",'sv': ""[3,'q0','[q0,q2,q1]','[(q0,q2,1),(q2,q1,1),(q1,q0,0)]']""} ","{'ar': 'Transition', 'da': 'Ta:answer', 'in': 'fsa-practical', 'sn': ""['numberOfTransitions','initialState','finalStates','transitions']"", 'sv': ""['3', 'q0', ['q0'], [('q0','q2','1'),('q2','q1','1'),('q1','q0','0')]]""}","<s> [INST] Given the following input in (INPUT), you have to generate the corresponding json in (ANW) [/INST] [INPUT] This automaton has three transitions. The first one starts at q0,being it the initial and final state. From q0 to q2 there is a transition marked as 1. From q2 to q1 there is another transition marked as 1. Finally from q1 to q0 there is atransition marked as 0.  [/INPUT] [ANW] {'ar': 'Automata', 'da': 'Ta:answer', 'in': 'fsa-practical','sn': ""['numberOfStates','initialState','finalStates','transitions']"",'sv': ""[3,'q0','[q0,q2,q1]','[(q0,q2,1),(q2,q1,1),(q1,q0,0)]']""} [/ANW] </s>"
"""meno""pu7A-turn8","I dont' know. Try asking something like, ""Which is the initial state?"" "," {'ar': 'Nan', 'da': 'AutoF:autoNegative; DS:suggest', 'in': 'Nan','sn': '[]','sv': '[]'} ","{'ar': 'Nan', 'da': 'AutoF:autoNegative; DS:suggest', 'in': 'Nan', 'sn': '[]', 'sv': '[]'}","<s> [INST] Given the following input in (INPUT), you have to generate the corresponding json in (ANW) [/INST] [INPUT] I dont' know. Try asking something like, ""Which is the initial state?""  [/INPUT] [ANW] {'ar': 'Nan', 'da': 'AutoF:autoNegative; DS:suggest', 'in': 'Nan','sn': '[]','sv': '[]'} [/ANW] </s>"
0MgCjt8WVTxN4Thm2f0TbS_vigxpGyhI-turn4,From q0 there is only one transition to q2 marked with 1.," {'ar': 'Transition', 'da': 'Ta:answer', 'in': 'fsa-practical','sn': ""['transitions']"",'sv': ""[[('q0','q2','1')]]""} ","{'ar': 'Transition', 'da': 'Ta:answer', 'in': 'fsa-practical', 'sn': ""['transitions']"", 'sv': ""[[('q0','q2','1')]]""}","<s> [INST] Given the following input in (INPUT), you have to generate the corresponding json in (ANW) [/INST] [INPUT] From q0 there is only one transition to q2 marked with 1. [/INPUT] [ANW] {'ar': 'Transition', 'da': 'Ta:answer', 'in': 'fsa-practical','sn': ""['transitions']"",'sv': ""[[('q0','q2','1')]]""} [/ANW] </s>"
